{
  "AAPL": [
    304.989990234375,
    308.82000732421875,
    308.3299865722656,
    310.8500061035156,
    312.510009765625,
    312.05999755859375,
    306.30999755859375,
    315.20001220703125,
    310.260009765625,
    310.1449890136719
  ],
  "GOOGL": [
    387.6600036621094,
    382.9700012207031,
    388.8800048828125,
    388.8299865722656,
    390.1300048828125,
    380.3399963378906,
    376.3699951171875,
    361.8500061035156,
    358.989990234375,
    368.1199951171875
  ],
  "BTC": [
    77630.86165853041,
    77555.14791997749,
    77664.64771662546,
    77500.46084334655,
    77480.72406742773,
    77360.4216448523,
    77209.92147894441,
    77299.08289158458,
    77092.594938148,
    77274.40152182181,
    76739.8657548095,
    76682.97257385454,
    76550.50541203901,
    76583.60515878667,
    76683.10076811445,
    76808.79984328304,
    76833.84606671348,
    76626.94547904102,
    76667.45509592198,
    76583.86251168925,
    77398.32265973478,
    77124.5981377322,
    77041.73401293685,
    77147.59897886326,
    76869.39131981676,
    76384.17982752257,
    76435.94992971321,
    75905.676364339,
    75724.21454561081,
    75931.35584194178,
    75994.62461604114,
    75918.45385338327,
    75636.67263339218,
    75824.06332542913,
    75847.70891897366,
    75787.44304555315,
    75710.14817498735,
    75554.85695378832,
    75477.54344710376,
    75610.10208701751,
    75719.03822003855,
    75858.35142366614,
    75754.84173398792,
    75795.07457820661,
    75808.64965275553,
    75652.39887438538,
    75605.32550642244,
    74904.22831010737,
    74921.34138561886,
    75186.51344624023,
    75181.6059945788,
    74732.64177905432,
    74885.42892893817,
    74923.09084430357,
    75154.74067952846,
    74322.46254727744,
    74346.87605567365,
    74352.69928002391,
    74425.57996613014,
    74227.63340564318,
    74181.84397705716,
    73131.57748263904,
    73052.85765963126,
    72875.90960868284,
    73048.6755154588,
    73337.44824176798,
    73200.07694076093,
    73418.1434928209,
    73306.30442344282,
    73384.84392551462,
    73400.04206495249,
    72898.65501360953,
    72889.8326730699,
    72785.65043331202,
    73303.01923214295,
    73451.99068403647,
    73550.79256299682,
    73343.3487732116,
    73482.95850574436,
    73739.61799518361,
    73370.36217240569,
    73539.84189606174,
    73613.0938173537,
    73490.21978575047,
    73112.31168568574,
    73195.82372288709,
    73401.22135906796,
    73559.19835591863,
    73673.46591664334,
    73373.04416373577,
    73539.89255044883,
    73634.9177050287,
    73570.16949009337,
    73359.79897581557,
    73197.21940706698,
    73084.79098935658,
    73008.29234582045,
    73706.34296495169,
    73944.31695316517,
    73892.76714522223,
    73252.6083321136,
    73434.12862855184,
    73559.98860906989,
    73344.37491505673,
    73390.22023302269,
    73382.71831425565,
    73457.7783083073,
    73554.13465016182,
    73678.65004220484,
    73433.26929675156,
    73295.06859327725,
    73510.97929090264,
    73493.48462333863,
    73452.81151927126,
    73415.52758611648,
    73507.7904924995,
    73519.54163045478,
    73496.47625755738,
    73588.23593614336,
    73722.3676313432,
    73828.59561634924,
    73821.07392012235,
    73824.47674568712,
    73905.67706275536,
    73937.87641153632,
    73913.8274514589,
    73851.4608190981,
    73860.46182726156,
    73769.5162114231,
    73751.06787328025,
    73920.31473177562,
    73947.08282622244,
    73964.96159780983,
    74044.26528775951,
    74090.7911820739,
    73959.32784866802,
    73950.51602071009,
    73771.70365286582,
    73836.47422326881,
    73735.32639822178,
    73777.55592280244,
    73856.28538196295,
    73807.57929483295,
    73762.76278542812,
    73524.85711770532,
    73547.48551983605,
    73425.39840959723,
    73587.49530597204,
    73522.96535084966,
    73457.31960126235,
    73638.60211812168,
    73773.5878451807,
    73876.60588468595,
    73570.21708273572,
    73797.23146758995,
    73223.84734520393,
    73683.50449016532,
    73648.95999568363,
    73457.98254562725,
    73258.64989797205,
    73022.22591311394,
    72720.45685389063,
    72803.2998427692,
    72791.34886625511,
    72661.72960466995,
    72393.50490980071,
    72121.5042474048,
    71565.27763686831,
    71370.97144566885,
    70980.94428936618,
    71444.9494361865,
    71590.27965912364,
    71426.04625445513,
    71477.23635876295,
    71357.87221552467,
    70961.43860445131,
    71348.66693075797,
    71320.09989733889,
    71192.44061761745,
    70674.10440972645,
    70674.80956731385,
    70843.70785372073,
    70691.15966467188,
    70214.16564960449,
    70000.21398988042,
    70030.71612208706,
    69693.37351195673,
    69306.63700406029,
    69578.00514153196,
    69420.75178246271,
    68980.48546837036,
    68675.1626071005,
    67930.07409871208,
    67191.73015711248,
    67362.14205456393,
    67404.07411111722,
    67237.49694150225,
    67136.44638471157,
    67516.11124047743,
    67506.15240585305,
    66315.56201635316,
    66694.75326849708,
    66904.28033960726,
    66837.48168582759,
    66537.19525872204,
    65748.90161657339,
    66372.87729551546,
    67269.89806999358,
    66909.54150769791,
    67140.16922883953,
    66933.36097066435,
    67022.31101694723,
    67188.43003131494,
    66977.29313650142,
    66995.05270697792,
    66787.44899622556,
    66773.00251408429,
    66021.94863941765,
    65968.79694833071,
    65889.62293347699,
    65964.97305565678,
    65357.46528836223,
    64879.65513355368,
    65671.24348348453,
    64813.38289563199,
    64021.88915867498,
    63155.43270867277,
    62114.887626138094,
    63156.12673184157,
    64273.24836698033,
    64303.610991445654,
    63877.100437640045,
    63969.861077072135,
    63609.23962456499,
    63562.82491603272,
    63116.395422335314,
    62388.618859522845,
    62450.80905208616,
    63671.58499621012,
    64009.791802204076,
    63891.53198758119
  ],