{
  "AAPL": [
    306.30999755859375,
    315.20001220703125,
    310.260009765625,
    311.2300109863281,
    307.3399963378906,
    301.5400085449219,
    290.54998779296875,
    291.5799865722656,
    295.6300048828125,
    291.1300048828125
  ],
  "GOOGL": [
    376.3699951171875,
    361.8500061035156,
    358.989990234375,
    372.19000244140625,
    368.5299987792969,
    363.30999755859375,
    364.260009765625,
    356.3800048828125,
    357.7699890136719,
    359.67999267578125
  ],
  "BTC": [
    64273.24836698033,
    64303.610991445654,
    63877.100437640045,
    63969.861077072135,
    63609.23962456499,
    63562.82491603272,
    63116.395422335314,
    62388.618859522845,
    62450.80905208616,
    63671.58499621012,
    64009.791802204076,
    63870.93213050547,
    63902.43300939559,
    63515.997510119945,
    63455.380634760535,
    63778.125947749315,
    63570.97734057268,
    63540.57039825781,
    63243.8582040147,
    63661.25254140083,
    63796.2543917893,
    63380.11051713282,
    63307.94041654308,
    62563.106314788616,
    62650.54773800535,
    63384.29445196668,
    62373.71848187581,
    61877.241195372124,
    62930.428692593974,
    62394.09363525867,
    62783.274232285476,
    62492.06747682221,
    61971.075991069585,
    61909.86088936547,
    60758.42527146145,
    60787.48456481218,
    60465.2518621624,
    61400.834034237996,
    60761.4584135615,
    59353.42034890553,
    60317.1980969419,
    61633.1025067623,
    61643.666878418364,
    61658.390515035404,
    60921.79441516493,
    61271.40244548539,
    61080.8546109545,
    60951.51530057916,
    60670.4415940172,
    60073.171592618724,
    60915.06975241639,
    60742.468959847494,
    60977.17981505444,
    61282.9313998945,
    60966.96489309166,
    60522.4177580613,
    60766.97161805294,
    61010.48847465796,
    60783.60690260497,
    60801.25071653321,
    60787.40516761303,
    60717.331369021034,
    60544.17676509025,
    60632.13314693318,
    60600.08126481232,
    60702.280740364564,
    60747.38643397402,
    60583.529858700254,
    60861.88012897632,
    60761.620629732344,
    61471.63828191639,
    61492.783358280816,
    61664.738019211065,
    61867.507645404425,
    61731.036831240555,
    62108.17618467483,
    62354.65926384663,
    62799.61706024372,
    62515.786540524714,
    62356.89936048305,
    62592.24803571717,
    61899.44056352343,
    61708.48517537129,
    61869.12182419518,
    62040.156956288505,
    62019.38150876778,
    62139.10458449485,
    62065.13471974559,
    61277.73988404787,
    61896.18584598038,
    61736.49926860991,
    62898.83562473381,
    63254.57215050675,
    63591.55171282999,
    63135.73442175301,
    63092.973825538276,
    63097.738678422604,
    62746.110994682225,
    62686.89031970495,
    62955.75468147986,
    63263.6371523138,
    63105.120267771585,
    63430.00505978389,
    63090.98170944541,
    63416.52653265283,
    63784.417012630474,
    63717.79786623143,
    63975.150617444626,
    63731.845419079924,
    63455.42095436701,
    63486.55749595917,
    63426.94217807585,
    63364.111069051134,
    63429.52697889757,
    63758.168414545864,
    63404.5448567149,
    63078.44049480062,
    62521.10105576993,
    62764.01753232251,
    62824.67788347735,
    62839.35254293068,
    63231.29657420249,
    63309.01004093081,
    63246.48358224153,
    63164.25608395359,
    62823.55164337146,
    62688.51554928853,
    62762.48564583781,
    62681.14701021562,
    62538.666070313615,
    62332.828912384895,
    61419.43726564442,
    61108.39138911923,
    61363.11019490096,
    61681.90858983838,
    61757.899290796486,
    62024.58648570189,
    62075.32494378098,
    61678.19932637624,
    61649.10953241255,
    61658.28493108778,
    61839.77059178349,
    61668.9816840662,
    61292.9080724835,
    61496.93202019679,
    61223.551579718725,
    61303.38099989141,
    61425.66499549835,
    61647.38692586603,
    61216.832016828615,
    61283.353538509014,
    61344.54188670831,
    60996.128040922595,
    61584.534192559164,
    62075.453827768506,
    61980.755226660855,
    62623.647434555314,
    62133.14107393966,
    61927.62470820218,
    61806.87304374298,
    61941.027330796045,
    61719.94638874202,
    61230.51600625681,
    61356.371009591996,
    61464.23949995995,
    61803.34636963933,
    62171.234316802744,
    62116.95254207385,
    62662.389097257146,
    62649.995463096144,
    62583.47363710605,
    62706.43743519868,
    62646.07013470698,
    62860.019279567176,
    62854.72263200298,
    63079.36499333171,
    63058.39424840454,
    62961.683346341044,
    62989.67386103632,
    62721.453316968335,
    62640.73151783662,
    62522.238666573896,
    63428.66958227789,
    63430.60629621195,
    63576.83681249627,
    63331.14667252403,
    63428.355598163755,
    63477.65630121868,
    63552.30087011473,
    63580.00819320512,
    63342.485741978475,
    63506.29080858776,
    63434.98694269971,
    63619.2683507374,
    63292.28300432518,
    62906.10966879114,
    63021.359958826964,
    63389.801358006895,
    63724.00769013387,
    63636.603117999526,
    63730.623656376774,
    63405.206177959175,
    63105.325352929416,
    63898.78747971838,
    63625.06317356082,
    63917.73346484142,
    63811.24925829858,
    63677.0960776868,
    63582.806131574594,
    63427.61776228317,
    63453.028203198715,
    63474.25336205742,
    63532.49559512626,
    63597.02203692289,
    63775.20757588661,
    63608.14534923633,
    63505.788873048805,
    63487.16345110324,
    63513.93729161154,
    63694.29154869962,
    63781.418199130865,
    63779.54391634056,
    63717.365517844344,
    63796.66628118353,
    63926.68507690926,
    64126.18861050401,
    64060.27402849239,
    64184.39547780278,
    64270.750199011265,
    63964.556061772084,
    63944.08714863861,
    64115.78119423838,
    64278.03702009804,
    64246.54794773648,
    64449.72820590796,
    64437.99982792179,
    64415.22089619007,
    64514.75328561332,
    64561.23046799117,
    64472.06685587077,
    64467.51766566183
  ],