{
  "AAPL": [
    292.67999267578125,
    294.79998779296875,
    298.8699951171875,
    298.2099914550781,
    300.2300109863281,
    297.8399963378906,
    298.9700012207031,
    302.25,
    304.989990234375,
    308.82000732421875
  ],
  "GOOGL": [
    388.6400146484375,
    387.3500061035156,
    402.6199951171875,
    401.07000732421875,
    396.7799987792969,
    396.94000244140625,
    387.6600036621094,
    388.9100036621094,
    387.6600036621094,
    382.9700012207031
  ],
  "BTC": [
    81055.27674142539,
    80770.59490895896,
    80325.3288090536,
    80557.777154733,
    80796.51952614383,
    80618.72075688612,
    80436.75045952036,
    80706.63243655507,
    80606.09448486914,
    80353.73089436247,
    78742.81197902776,
    79207.6625868325,
    79140.59603088169,
    79227.9952205075,
    79414.04836193676,
    79233.92614210196,
    79121.1795650801,
    79074.4828476354,
    78960.85304787316,
    79067.66378149157,
    79071.54026748115,
    79045.98956499087,
    79124.94324558716,
    79056.41601316098,
    79057.8193456096,
    78983.27028455223,
    78943.79036564812,
    78600.90413421272,
    78335.77889292447,
    78381.03314710695,
    78054.51070754218,
    77912.5167834028,
    78051.93728239798,
    77982.28628828519,
    77959.3752388931,
    78093.091820838,
    78202.9161974475,
    78138.05831742722,
    78180.62622289089,
    78198.39614142905,
    78216.81663750052,
    78225.72888066393,
    78257.2390768038,
    78156.22546207823,
    78135.00994863857,
    77882.3262379739,
    77727.76142928877,
    77869.83067879325,
    77979.88187175932,
    78124.20569826697,
    78087.48797937523,
    78065.68623550446,
    78136.11266346957,
    78051.86481993174,
    78233.19909920012,
    78400.27916520913,
    78368.61791250898,
    78329.31987604302,
    78180.52204950555,
    78020.49492571769,
    78011.09225884621,
    78012.92029538131,
    78035.74701606306,
    78195.87344032283,
    78357.07027478493,
    78253.23742415351,
    78381.76639133113,
    77927.94321509842,
    77432.49532158482,
    77113.76999246645,
    77081.14895044707,
    76766.43250777687,
    76902.39831358608,
    76993.05426448864,
    76859.74311691838,
    76873.53211450647,
    77012.12004935036,
    76981.44715886422,
    76885.21648367132,
    76755.92727194424,
    77247.08712150832,
    77580.45788279633,
    76900.22553573406,
    76310.83487159385,
    76379.69769204907,
    76378.03245877317,
    76644.85000183797,
    76201.13499806737,
    76826.81155248074,
    76875.459595518,
    77059.8254962274,
    76995.11844336234,
    76952.2148594993,
    77115.67918508459,
    76662.75223604184,
    76561.75331627803,
    76711.84159629511,
    76853.63688528951,
    76866.66226018792,
    76972.81195472868,
    77163.06667781518,
    77016.71228883085,
    76761.03496632191,
    76990.21123393172,
    76669.24774787932,
    76895.93036006749,
    76817.60520358298,
    76303.16796769164,
    76435.07593855551,
    76836.20168129544,
    76764.16350432558,
    76748.12847316008,
    76749.63496080026,
    76964.22931200596,
    76941.07168562195,
    76657.70732989699,
    76752.95255055482,
    76694.16347867198,
    76752.76732486086,
    76618.8095608257,
    76660.10858790681,
    76695.07866034079,
    77109.62949335223,
    77317.86766032185,
    77197.76872528357,
    77374.81435710962,
    77391.89964897318,
    77440.4028944954,
    77317.01140638636,
    77555.78541024856,
    77095.28238178822,
    77426.2854889925,
    77358.58731311708,
    77216.24695993384,
    77488.3621133274,
    77341.85466299231,
    77612.83593302881,
    77653.42041764109,
    77459.82621158756,
    77407.41652229207,
    77459.94434557436,
    77897.99240796451,
    77787.12067906969,
    77906.15965477488,
    77998.92449437483,
    77955.18081303046,
    77708.75711657645,
    77538.08178221434,
    77801.70532719645,
    77854.86524874257,
    77590.61012107838,
    77160.08546103875,
    77129.2183062369,
    77220.3436162166,
    77004.92262840022,
    76923.31167878033,
    77180.16667552038,
    77091.57107294537,
    77879.9479276169,
    77268.2484925712,
    77629.6578120884,
    77623.5780666652,
    77593.42125955742,
    77549.3027208868,
    77546.33765297421,
    77329.74568558167,
    77519.0973810158,
    77575.26613219114,
    77689.64863872912,
    77576.11365776238,
    77434.44864744923,
    77338.6805452457,
    77324.99782768908,
    77204.40488918967,
    77225.78554990837,
    77223.27179422832,
    77321.51073719074,
    77405.70610078031,
    77159.30373001097,
    76699.98651599968,
    76716.98241226714,
    76873.62249594941,
    76681.7681851013,
    76442.19264835134,
    75784.62429980212,
    75890.90629208337,
    75909.30496418383,
    75650.83264919114,
    75482.52379955728,
    75308.69543704066,
    75391.63727313517,
    75482.60880877408,
    75547.72106173361,
    75432.26111879738,
    75390.38033389076,
    75315.48120471499,
    74501.44624467158,
    74594.266948548,
    74595.75522893954,
    74634.15234894428,
    74726.6276043982,
    74647.68184277452,
    75144.79632662662,
    75490.81697182571,
    75429.42744981844,
    75385.51459468192,
    75410.8931050197,
    75763.66499380357,
    75859.36223277515,
    77083.62700362576,
    76684.10937027646,
    76485.46079733527,
    76672.79289056802,
    76741.90375698816,
    76774.22321506299,
    76741.4946148287,
    76695.50871095517,
    76697.91404045829,
    76729.32392445345,
    76895.45762366304,
    76693.3389669575,
    76726.07252032301,
    76929.25849479125,
    77091.63956548445,
    77188.80275060053,
    77020.46751212778,
    76632.76877493666,
    76365.91782606384,
    76277.84004242295,
    76585.62888759066,
    76611.96032626045,
    76577.2355801319,
    76667.97493982174,
    76536.70955926481,
    76053.09286467356,
    76711.6847806074,
    76988.16126107218,
    77042.18805297921,
    76878.52160589892,
    77013.51257203988,
    76996.02657156256
  ],