{
  "AAPL": [
    298.010009765625,
    297.010009765625,
    294.29998779296875,
    293.0799865722656,
    275.1499938964844,
    283.7799987792969,
    281.739990234375,
    289.3599853515625,
    294.3800048828125,
    308.6300048828125
  ],
  "GOOGL": [
    368.0299987792969,
    349.67999267578125,
    346.1300048828125,
    345.2900085449219,
    343.7099914550781,
    337.3900146484375,
    353.6499938964844,
    357.3699951171875,
    361.2099914550781,
    359.9100036621094
  ],
  "BTC": [
    60882.548735749966,
    61005.378953134474,
    60783.200878396405,
    60990.53863518005,
    60664.90692436006,
    60812.426404174934,
    60629.714711165805,
    60788.38575979891,
    61257.61278932525,
    61534.43462777755,
    61646.00687766538,
    61816.442509036395,
    61606.905269718525,
    61652.90431812403,
    61211.78155908992,
    61185.54992485836,
    61114.65746062846,
    58188.668886715604,
    59419.45155775679,
    59513.72747967234,
    59234.5777533372,
    59534.099860815295,
    59430.91825964714,
    59237.365253537,
    59312.805434743896,
    60111.69113616151,
    59787.08233594131,
    59712.618061582114,
    59589.363566722495,
    59299.072111513124,
    58482.96476980456,
    59836.297717503796,
    59813.84530916572,
    59869.425120800624,
    60237.0568540939,
    60481.35722924747,
    60152.35271713132,
    59633.32449414534,
    59215.19340895525,
    59316.01978220941,
    59181.15371571542,
    60047.79171625427,
    59544.55798790487,
    60234.41217478131,
    59989.84009196498,
    59956.8650670713,
    59548.21995225559,
    59783.392831819365,
    59649.930123311075,
    59858.072565853494,
    59981.17710194979,
    60019.95786697783,
    59964.45026386145,
    59876.12754548514,
    60223.82465168318,
    60209.80787261281,
    60147.077420030015,
    60171.478533144495,
    60274.13576881021,
    60455.26973124937,
    60375.79046546325,
    60335.19971344227,
    60318.79468914347,
    60272.896834644176,
    60318.795624051476,
    60473.74809860174,
    60514.09495299602,
    60726.0944020887,
    60700.46947559311,
    60481.77726989441,
    60456.37514817717,
    60076.97687579784,
    60183.761872484516,
    60109.83787971532,
    60142.21183335991,
    59943.11077412465,
    60094.323390000915,
    60127.42543751148,
    60089.01267259338,
    60118.541800496205,
    60038.87607343662,
    59891.782608466485,
    59920.66782573778,
    60116.601882979696,
    60298.350227957766,
    60185.59725852188,
    60082.00970436492,
    60250.09690682865,
    60209.826283247254,
    59993.62219134955,
    59958.878845995176,
    59795.77601296277,
    59603.99470359071,
    59513.50156723828,
    59524.93799420059,
    59396.89382257217,
    59569.664031856664,
    59314.897022466685,
    58971.23519682808,
    59516.449485815276,
    59536.763045853324,
    59380.65908962489,
    59661.55398160819,
    59923.93226579998,
    59726.33088120169,
    59971.313088808965,
    59998.27530548425,
    59962.77802195896,
    59766.57617949523,
    59964.32556389398,
    60001.17115663765,
    59848.310873191185,
    59879.185745244955,
    59403.21046749944,
    59322.403378063944,
    59737.18874677538,
    59799.44547358118,
    60352.933054072964,
    60185.86090922262,
    60365.99092778629,
    60208.60225938614,
    60402.6398148205,
    60277.64965863437,
    60143.56968976742,
    59763.76807236464,
    59855.17763398167,
    59877.69088980854,
    59538.373932222115,
    59400.63642258716,
    59545.28581974851,
    59488.13160733083,
    59434.561635618695,
    59224.09548556559,
    59278.70670720093,
    59290.66415548365,
    59080.666508993316,
    58361.62212387054,
    58603.030121524156,
    58424.39729457026,
    58331.3311178704,
    58375.41692485716,
    58331.83443777217,
    58579.528664432866,
    58711.424716016336,
    58668.24249598245,
    58553.23708090124,
    58519.109561345475,
    58557.699161739816,
    58474.56780052823,
    58695.88415560775,
    59007.480156095095,
    59087.88649635893,
    59240.81479183014,
    59056.07800512759,
    58660.38219233212,
    58678.894153851295,
    58884.753538105266,
    58866.763614235475,
    58590.05322656013,
    58541.60278645741,
    58448.22896692919,
    59312.92896437234,
    59466.02292764383,
    60090.85821617794,
    59852.979014868964,
    60132.64834348138,
    60095.709313453386,
    59960.31569926729,
    60065.380452334844,
    60745.743247635626,
    60415.2229242068,
    59979.90070833996,
    59660.4839927567,
    60084.32991287333,
    60384.86661547189,
    60957.393957087705,
    60729.02277627768,
    60446.65072196339,
    60221.16622835474,
    60055.335102163546,
    60431.30338105714,
    61139.924936473275,
    61192.444687262076,
    61220.64052012101,
    61467.82857696401,
    61839.24095285028,
    61559.14539111479,
    61552.24644930286,
    61590.77616291104,
    61610.62755154093,
    61686.23259803437,
    61427.45640568673,
    61508.07375090117,
    61503.81872816729,
    61438.58446448573,
    61487.29901031284,
    61237.16135251831,
    61533.75646897373,
    61363.8521565249,
    61353.15167836988,
    61391.16847497167,
    61632.764774500036,
    61662.83761214957,
    61696.22955231316,
    61514.027723446874,
    61652.43657254511,
    61864.89102935673,
    61953.556085459175,
    61907.5900261029,
    62047.91006319728,
    62122.81633107454,
    61868.114447527485,
    62047.01380537126,
    62128.092588572435,
    62162.777580189475,
    62157.92997951671,
    62686.692450261944,
    62690.4786542379,
    62533.8264247283,
    62553.59200884509,
    62700.90133125955,
    62436.791019800745,
    62482.58461473608,
    62587.62471405669,
    62603.43275198819,
    62407.120168589456,
    62451.84682956266,
    62532.23831629742,
    62520.84723413682,
    62450.20119712215,
    62482.39506667081,
    62453.12714663282,
    62610.396860971974,
    62536.59571423263,
    62633.96023435144,
    62880.762249371735,
    62876.142857469764,
    63265.08190642989,
    63117.40706240529,
    63258.54754066335,
    63269.858036011596
  ],