{
  "AAPL": [
    271.05999755859375,
    267.6099853515625,
    270.7099914550781,
    270.1700134277344,
    271.3500061035156,
    280.1400146484375,
    276.8299865722656,
    284.17999267578125,
    287.510009765625,
    287.44000244140625
  ],
  "GOOGL": [
    344.3999938964844,
    350.3399963378906,
    349.7799987792969,
    349.94000244140625,
    384.79998779296875,
    385.69000244140625,
    383.25,
    388.42999267578125,
    398.0400085449219,
    397.989990234375
  ],
  "BTC": [
    76833.05668971647,
    76804.77382356762,
    76884.15413049556,
    76948.09017415001,
    76711.2208351938,
    76871.94798938799,
    76823.96703050246,
    76582.2382436488,
    76587.46607990249,
    76182.61040738711,
    76342.5588428331,
    76180.39793452619,
    75849.31178726906,
    76040.86480284185,
    76108.79943793108,
    76174.499991253,
    76223.05617004436,
    76340.1341246333,
    76445.86122627115,
    76353.70892706158,
    76229.4038502392,
    76345.22521002527,
    76505.05470800745,
    76537.83594119303,
    76478.80195313173,
    76961.46963288501,
    77289.79308700348,
    77258.63042398472,
    76964.99741594712,
    77023.71023600476,
    77028.46347185198,
    77629.86690905425,
    77596.56363815261,
    77579.59487006326,
    77127.99638212805,
    76776.12526378022,
    76558.49021649477,
    75858.12862387307,
    75763.67004036404,
    75996.93512732009,
    75436.56581067356,
    75468.90041834336,
    75701.80458172278,
    75924.91798195371,
    75907.29950981027,
    75774.8855230121,
    76255.01364165342,
    76220.83380666314,
    75691.65564515392,
    75909.7088552133,
    75459.6526551717,
    75580.06196734082,
    75713.26283708648,
    76085.14106760567,
    76026.7764354485,
    76090.4726987875,
    75986.04492329038,
    76005.83880555014,
    76280.05036510443,
    76410.61364346408,
    76270.43468783535,
    76455.76704590907,
    76216.33823270486,
    76235.32221878375,
    76343.14131925348,
    76391.95833110265,
    76465.47268894286,
    76231.26886058506,
    76189.37205616337,
    76286.57710950871,
    76379.67128631244,
    76656.57064385938,
    76517.3133818177,
    77085.22718465359,
    77009.0736401404,
    77118.9788591889,
    77034.26419331781,
    77096.21079038092,
    77340.98047049128,
    77231.30471966216,
    77240.15798301293,
    77433.64205650402,
    77969.27491618901,
    78695.21355815475,
    78320.42975742156,
    78434.82448589527,
    78252.9324694872,
    78548.40091164663,
    78382.96178450093,
    78423.58948035864,
    77859.3116606549,
    78174.02675323762,
    78138.26976073837,
    78172.07422147921,
    78308.37520882013,
    78286.27861903312,
    78362.29923426916,
    78437.93476926665,
    78150.11936951149,
    78195.68680702572,
    78306.93283732959,
    78194.06055081423,
    78285.70832684374,
    78281.28398457692,
    78240.11769161666,
    78128.46024348195,
    78193.2744831238,
    78360.21898348848,
    78411.38510755789,
    78461.63721855872,
    78435.08617699439,
    78382.70991118148,
    78457.5389191646,
    78447.53632340279,
    78439.4139272263,
    78732.6338722369,
    78804.99536374844,
    78666.02056290468,
    78525.2146039029,
    78247.12211102132,
    78157.88034742486,
    78188.40860775959,
    78146.92223825728,
    78229.08291869442,
    78271.08132011641,
    78350.69027764065,
    78386.58845756314,
    78514.79652456472,
    78393.61348590766,
    78651.90783179233,
    78723.62272234702,
    78671.01722577176,
    78735.77368245517,
    78648.51670661499,
    78671.22481306917,
    78714.14816000318,
    78723.71597574794,
    78772.93638758908,
    78882.41352644576,
    78784.56538231378,
    79164.91262664807,
    78542.80803714818,
    78523.09209511426,
    79525.0486011737,
    80247.57433910447,
    80254.0760312916,
    80296.72362760552,
    80010.78689175253,
    79920.44749612657,
    79689.3122143952,
    79714.0128258611,
    79832.33782372707,
    78911.17072497762,
    78794.5386775698,
    78946.74382793218,
    78795.3827203887,
    80262.81441266934,
    79961.47965724225,
    79997.7587206583,
    80468.0775179202,
    80114.39169381397,
    80052.0708073038,
    79929.45608891523,
    80248.55770465586,
    80060.10705547684,
    79824.40331204748,
    80138.68119208484,
    80325.98978821686,
    80502.6608897079,
    80862.32986289714,
    80879.64169767959,
    80964.32892911187,
    80929.42691227201,
    80832.01520950334,
    80777.53289851543,
    80559.87773983457,
    80807.32656323555,
    80980.88740291572,
    81269.26250467004,
    81344.9530195381,
    81320.6271467758,
    81531.44168217648,
    81239.08701427226,
    81263.69235345974,
    81505.5389396501,
    81610.0981394073,
    81640.76606774832,
    81435.04217472997,
    81102.49055562499,
    80925.09365495079,
    81025.08656540702,
    81397.411569984,
    81358.38548975713,
    81584.74166306602,
    81306.10012559843,
    81297.72330722761,
    81473.56659293742,
    81329.1136388315,
    81899.30243968488,
    81952.1101049097,
    82290.68407538498,
    82496.20820745183,
    82205.60200195608,
    81706.995476948,
    81514.56522213451,
    81680.52689781821,
    81633.84574005251,
    81442.95333192401,
    81360.03801766584,
    81467.38228080935,
    81396.90859345869,
    81535.56051187172,
    81341.72824280302,
    81424.99515650333,
    81025.86984340467,
    81164.7659265684,
    81101.16003173548,
    80866.42753547305,
    80953.3833159498,
    81039.78989761735,
    81397.13070774359,
    81497.72906865228,
    81212.97643770608,
    80923.64105632599,
    80829.48845781687,
    80858.04643663602,
    81158.02618621176,
    80518.08550605948,
    80160.46228405276,
    79895.48468462411,
    79785.58492155476,
    80080.24103755607,
    80208.20259981617,
    80086.82987664758,
    79864.24334933555,
    79778.9710136237,
    79903.13315729475,
    80022.04125006415,
    79773.77281488809,
    79726.5063910817,
    79533.41133823093
  ],