{
  "AAPL": [
    283.7799987792969,
    281.739990234375,
    289.3599853515625,
    294.3800048828125,
    308.6300048828125,
    312.6600036621094,
    310.6600036621094,
    313.3900146484375,
    316.2200012207031,
    315.32000732421875
  ],
  "GOOGL": [
    337.3900146484375,
    353.6499938964844,
    357.3699951171875,
    361.2099914550781,
    359.9100036621094,
    366.4599914550781,
    367.0299987792969,
    361.9200134277344,
    358.8900146484375,
    357.17999267578125
  ],
  "BTC": [
    61139.924936473275,
    61192.444687262076,
    61220.64052012101,
    61467.82857696401,
    61839.24095285028,
    61559.14539111479,
    61552.24644930286,
    61590.77616291104,
    61610.62755154093,
    61686.23259803437,
    61427.45640568673,
    61508.07375090117,
    61503.81872816729,
    61438.58446448573,
    61487.29901031284,
    61237.16135251831,
    61533.75646897373,
    61363.8521565249,
    61353.15167836988,
    61391.16847497167,
    61632.764774500036,
    61662.83761214957,
    61696.22955231316,
    61514.027723446874,
    61652.43657254511,
    61864.89102935673,
    61953.556085459175,
    61907.5900261029,
    62047.91006319728,
    62122.81633107454,
    61868.114447527485,
    62047.01380537126,
    62128.092588572435,
    62162.777580189475,
    62157.92997951671,
    62686.692450261944,
    62690.4786542379,
    62533.8264247283,
    62553.59200884509,
    62700.90133125955,
    62436.791019800745,
    62482.58461473608,
    62587.62471405669,
    62603.43275198819,
    62407.120168589456,
    62451.84682956266,
    62532.23831629742,
    62520.84723413682,
    62450.20119712215,
    62482.39506667081,
    62453.12714663282,
    62610.396860971974,
    62536.59571423263,
    62633.96023435144,
    62880.762249371735,
    62876.142857469764,
    63265.08190642989,
    63117.40706240529,
    63258.54754066335,
    63196.956647480525,
    63266.54853473329,
    63133.65522954236,
    63094.24017750663,
    62911.17832947541,
    62843.35957438356,
    62631.116007543984,
    62734.25655011185,
    62785.11026004227,
    62709.51187800394,
    62724.35082043866,
    62978.095888553216,
    62887.67049149987,
    62566.15760554671,
    62694.52324430207,
    62615.486952953535,
    62677.224459595,
    62737.554656126806,
    62739.572214585096,
    62687.39820897023,
    62592.79284419807,
    62575.48273011255,
    62762.70842480428,
    62724.48656942632,
    62687.03341572992,
    63091.255621016324,
    63625.70218985658,
    63546.43013166118,
    63664.44947588352,
    63517.88397289706,
    63356.81634247567,
    63214.39765600102,
    63212.03855536063,
    63062.9316093853,
    62933.16116759757,
    63035.84457747941,
    62835.1273290497,
    62602.19666873886,
    62753.1882449598,
    62629.58604555236,
    61715.901782077715,
    61780.449238816414,
    61968.36690072932,
    63436.93887280679,
    63655.61229080628,
    63542.08000663692,
    63674.372381924,
    63711.967437081395,
    63795.073329467814,
    64371.47818824933,
    64180.63420514519,
    63994.68116388147,
    64158.33162160982,
    63854.42907009023,
    63275.803446682585,
    63124.7255654564,
    63055.22636161977,
    63093.52474767431,
    63295.03276766405,
    63043.643597929586,
    63067.49655854592,
    63191.92703981319,
    63202.42235299024,
    63338.135433245836,
    63407.301844394664,
    63000.05499932012,
    63507.95601078837,
    63865.49136103849,
    63942.09671686718,
    64134.38775357911,
    63658.43220461216,
    63766.30289430432,
    63641.221279416444,
    63372.597940312146,
    63505.74328204638,
    63287.204623191705,
    63573.84506209216,
    63001.391652521525,
    62932.52174162355,
    62716.95149636293,
    62735.112422890656,
    62583.96837804984,
    62600.141430180454,
    62825.39569794576,
    61984.20323442917,
    62014.74797212771,
    62091.43336056865,
    62246.096425569114,
    61932.05086676209,
    61831.22745667842,
    61842.84560816078,
    61641.213975719205,
    62054.78429083154,
    62048.00605643022,
    62123.72638065353,
    62195.710556983504,
    62056.45927908783,
    62144.73025971306,
    62267.37381989537,
    62252.63748967275,
    62057.24234087997,
    61855.58077868091,
    61740.75242165106,
    61931.83568226704,
    62388.799997011505,
    62513.2301450384,
    62820.149627589315,
    62947.80102698248,
    62836.64826003586,
    62892.293535390665,
    62712.089962465136,
    62726.73097400199,
    62570.820826883464,
    62968.05424026797,
    62947.935198366315,
    62819.43817638452,
    62652.276781562185,
    63076.73003282413,
    63158.21618374233,
    63202.575673133855,
    63255.281135642144,
    63233.95531837552,
    63178.828901258355,
    63201.08806990343,
    63045.18746663233,
    63681.16647688241,
    63919.6728866854,
    63881.11532044424,
    64004.05069425178,
    64060.62365144604,
    63807.168886962325,
    63950.301083552404,
    64212.07079433152,
    64344.57686298755,
    64369.17004777795,
    64360.08798509396,
    64246.64072845215,
    64442.51730042664,
    63879.560460151944,
    63961.53854038046,
    64119.29884229157,
    63799.59845515737,
    63756.88286384032,
    63880.81340092693,
    63800.85162223474,
    63955.87380446337,
    64065.46308731039,
    64118.700579107266,
    64090.985162830504,
    63983.96626764876,
    64115.522860571924,
    64115.37631038539,
    64086.92184183047,
    64125.93552085215,
    64167.142957502365,
    64110.967829055204,
    64209.99503621056,
    64104.14383795518,
    64117.181131837984,
    64142.03562105326,
    64135.07789561458,
    64188.71487099244,
    64311.1039631105,
    64110.189634873896,
    64128.165827774385,
    64263.63534810441,
    64279.15675534047,
    64241.07631095752,
    64339.095199074836,
    64303.19087890115,
    64154.8812983746,
    63785.019944129,
    63795.5534612457,
    64083.899429257246,
    64063.16077869598,
    64133.10697088716,
    63940.97636885769,
    63941.1451891897,
    63724.00477666906,
    63849.17710443917,
    63944.78172943581,
    63969.28886774603
  ],