{
  "AAPL": [
    298.8699951171875,
    298.2099914550781,
    300.2300109863281,
    297.8399963378906,
    298.9700012207031,
    302.25,
    304.989990234375,
    308.82000732421875,
    308.3299865722656,
    310.8500061035156
  ],
  "GOOGL": [
    402.6199951171875,
    401.07000732421875,
    396.7799987792969,
    396.94000244140625,
    387.6600036621094,
    388.9100036621094,
    387.6600036621094,
    382.9700012207031,
    388.8800048828125,
    388.8299865722656
  ],
  "BTC": [
    76766.43250777687,
    76902.39831358608,
    76993.05426448864,
    76859.74311691838,
    76873.53211450647,
    77012.12004935036,
    76981.44715886422,
    76885.21648367132,
    76755.92727194424,
    77247.08712150832,
    77580.45788279633,
    76900.22553573406,
    76310.83487159385,
    76379.69769204907,
    76378.03245877317,
    76644.85000183797,
    76201.13499806737,
    76826.81155248074,
    76875.459595518,
    77059.8254962274,
    76995.11844336234,
    76952.2148594993,
    77115.67918508459,
    76662.75223604184,
    76561.75331627803,
    76711.84159629511,
    76853.63688528951,
    76866.66226018792,
    76972.81195472868,
    77163.06667781518,
    77016.71228883085,
    76761.03496632191,
    76990.21123393172,
    76669.24774787932,
    76895.93036006749,
    76817.60520358298,
    76303.16796769164,
    76435.07593855551,
    76836.20168129544,
    76764.16350432558,
    76748.12847316008,
    76749.63496080026,
    76964.22931200596,
    76941.07168562195,
    76657.70732989699,
    76752.95255055482,
    76694.16347867198,
    76752.76732486086,
    76618.8095608257,
    76660.10858790681,
    76695.07866034079,
    77109.62949335223,
    77317.86766032185,
    77197.76872528357,
    77374.81435710962,
    77391.89964897318,
    77440.4028944954,
    77317.01140638636,
    77555.78541024856,
    77095.28238178822,
    77426.2854889925,
    77358.58731311708,
    77216.24695993384,
    77488.3621133274,
    77341.85466299231,
    77612.83593302881,
    77653.42041764109,
    77459.82621158756,
    77407.41652229207,
    77459.94434557436,
    77897.99240796451,
    77787.12067906969,
    77906.15965477488,
    77998.92449437483,
    77955.18081303046,
    77708.75711657645,
    77538.08178221434,
    77801.70532719645,
    77854.86524874257,
    77590.61012107838,
    77160.08546103875,
    77129.2183062369,
    77220.3436162166,
    77004.92262840022,
    76923.31167878033,
    77180.16667552038,
    77091.57107294537,
    77879.9479276169,
    77268.2484925712,
    77629.6578120884,
    77623.5780666652,
    77593.42125955742,
    77549.3027208868,
    77546.33765297421,
    77329.74568558167,
    77519.0973810158,
    77575.26613219114,
    77689.64863872912,
    77576.11365776238,
    77434.44864744923,
    77338.6805452457,
    77324.99782768908,
    77204.40488918967,
    77225.78554990837,
    77223.27179422832,
    77321.51073719074,
    77405.70610078031,
    77159.30373001097,
    76699.98651599968,
    76716.98241226714,
    76873.62249594941,
    76681.7681851013,
    76442.19264835134,
    75784.62429980212,
    75890.90629208337,
    75909.30496418383,
    75650.83264919114,
    75482.52379955728,
    75308.69543704066,
    75391.63727313517,
    75482.60880877408,
    75547.72106173361,
    75432.26111879738,
    75390.38033389076,
    75315.48120471499,
    74501.44624467158,
    74594.266948548,
    74595.75522893954,
    74634.15234894428,
    74726.6276043982,
    74647.68184277452,
    75144.79632662662,
    75490.81697182571,
    75429.42744981844,
    75385.51459468192,
    75410.8931050197,
    75763.66499380357,
    75859.36223277515,
    77083.62700362576,
    76684.10937027646,
    76485.46079733527,
    76672.79289056802,
    76741.90375698816,
    76774.22321506299,
    76741.4946148287,
    76695.50871095517,
    76697.91404045829,
    76729.32392445345,
    76895.45762366304,
    76693.3389669575,
    76726.07252032301,
    76929.25849479125,
    77091.63956548445,
    77188.80275060053,
    77020.46751212778,
    76632.76877493666,
    76365.91782606384,
    76277.84004242295,
    76585.62888759066,
    76611.96032626045,
    76577.2355801319,
    76667.97493982174,
    76536.70955926481,
    76053.09286467356,
    76711.6847806074,
    76988.16126107218,
    77042.18805297921,
    76878.52160589892,
    77013.51257203988,
    76945.9993239736,
    77293.18777284141,
    77307.78666833728,
    77319.4868518227,
    77290.93658775333,
    77352.26097057169,
    77536.97533201851,
    77466.16370614084,
    77281.0986345333,
    77311.3537794357,
    77254.7240379568,
    77630.86165853041,
    77555.14791997749,
    77664.64771662546,
    77500.46084334655,
    77480.72406742773,
    77360.4216448523,
    77209.92147894441,
    77299.08289158458,
    77092.594938148,
    77274.40152182181,
    76739.8657548095,
    76682.97257385454,
    76550.50541203901,
    76583.60515878667,
    76683.10076811445,
    76808.79984328304,
    76833.84606671348,
    76626.94547904102,
    76667.45509592198,
    76583.86251168925,
    77398.32265973478,
    77124.5981377322,
    77041.73401293685,
    77147.59897886326,
    76869.39131981676,
    76384.17982752257,
    76435.94992971321,
    75905.676364339,
    75724.21454561081,
    75931.35584194178,
    75994.62461604114,
    75918.45385338327,
    75636.67263339218,
    75824.06332542913,
    75847.70891897366,
    75787.44304555315,
    75710.14817498735,
    75554.85695378832,
    75477.54344710376,
    75610.10208701751,
    75719.03822003855,
    75858.35142366614,
    75754.84173398792,
    75795.07457820661,
    75808.64965275553,
    75652.39887438538,
    75605.32550642244,
    74904.22831010737,
    74921.34138561886,
    75186.51344624023,
    75181.6059945788,
    74732.64177905432,
    74885.42892893817,
    74923.09084430357,
    75154.74067952846,
    74322.46254727744,
    74346.87605567365,
    74352.69928002391,
    74425.57996613014,
    74227.63340564318,
    74166.35063595435
  ],