{
  "AAPL": [
    249.94000244140625,
    248.9600067138672,
    247.99000549316406,
    251.49000549316406,
    251.63999938964844,
    252.6199951171875,
    252.88999938964844,
    248.8000030517578,
    246.6300048828125,
    253.7899932861328
  ],
  "GOOGL": [
    307.69000244140625,
    307.1300048828125,
    301,
    302.05999755859375,
    290.44000244140625,
    290.92999267578125,
    280.9200134277344,
    274.3399963378906,
    273.5,
    287.55999755859375
  ],
  "BTC": [
    68908.16957877796,
    68795.5505642291,
    68817.53435389008,
    68653.9970738177,
    68211.08116857347,
    68651.18982923409,
    68722.96325302527,
    68698.62007881168,
    68821.70886419388,
    68813.30024858509,
    68704.73553817421,
    68572.35892748222,
    68181.20471380129,
    68179.84748181398,
    67836.00655868028,
    68296.86295861873,
    67848.87605821833,
    67684.18004265723,
    67914.62164219593,
    68291.62334548199,
    68061.75633105007,
    68505.55527490156,
    68856.33114252616,
    67813.61163802224,
    68302.02880878812,
    68433.41999646043,
    68248.65909045594,
    68533.56691669108,
    70090.85625395848,
    70658.89681764365,
    71413.47363715255,
    71453.46560478497,
    70123.74223304595,
    70539.95075755077,
    71069.34533324269,
    71049.75201776822,
    70673.84328686942,
    70898.50990542116,
    70871.49537193075,
    70754.11294097341,
    70892.82823994374,
    70691.20963441042,
    70497.783796673,
    70429.82090509095,
    70505.5355628202,
    70367.86749397316,
    70252.45308411747,
    70502.13562095199,
    71285.55416417253,
    70926.05228348031,
    71299.66799821133,
    71237.84222578786,
    71110.07805777165,
    70930.59887301897,
    70039.64380544117,
    69903.3681889646,
    69872.59897269034,
    69442.96978741302,
    69179.35721667454,
    69417.88017389276,
    69296.70386159363,
    70036.29129693768,
    70259.23587427003,
    70327.56965564,
    70524.51175942823,
    70847.88845384026,
    70709.04546672574,
    70485.95261570862,
    70696.82035952818,
    70916.77984389212,
    71082.75166729843,
    71012.75095282859,
    70899.66539633296,
    71240.60340405164,
    71326.31988743633,
    71494.83039503878,
    71651.03014324601,
    71682.98549923916,
    71631.72227038858,
    71291.00953905468,
    70843.14037566936,
    71310.27596792881,
    70743.12969322263,
    70762.88522631538,
    70803.52212386463,
    70982.1484301469,
    71003.3810189207,
    71343.12285014275,
    71309.26403856269,
    71235.418543699,
    71245.79769201373,
    70866.96468821711,
    70865.83284704047,
    70754.14022016643,
    69976.52473870447,
    70065.39506348,
    70060.46802946102,
    69983.71047448418,
    69565.28302289729,
    69461.64056489215,
    69258.38692240322,
    69416.11164790414,
    69530.43000475917,
    69462.818723659,
    69052.36668187703,
    68886.05755073845,
    68460.0405580777,
    68432.89019563152,
    68575.61619653407,
    68949.5314813283,
    68888.27500980144,
    68826.30686850422,
    68791.11093800364,
    68712.98514161636,
    68987.91604743515,
    68861.18343940613,
    68732.87385203048,
    68544.83136866611,
    68584.57619715178,
    68614.73543266914,
    68433.29595166513,
    67896.72261998236,
    67666.10383727407,
    66462.11327811745,
    66666.3731870575,
    66589.48462775366,
    66110.91859349872,
    66166.55253010265,
    66084.9735136777,
    65931.436380254,
    65604.15370696093,
    65817.95817627014,
    66036.20502233546,
    65978.7624110396,
    66021.45792444395,
    65981.97377183192,
    66327.66737271791,
    66382.83249898783,
    66067.46482722324,
    65995.96577262062,
    66167.61183329132,
    66189.65590146254,
    66307.09909195548,
    66363.77341122921,
    66516.27378317354,
    66350.41976637962,
    66263.63211704824,
    66178.92986536778,
    66303.92808472476,
    66415.83889333812,
    66770.2554659786,
    66707.15373392777,
    66946.6353317456,
    66874.77753331588,
    66803.07998327093,
    66879.95377021199,
    66851.141718053,
    66894.75795554336,
    66645.1518328983,
    66694.139781946,
    66321.06539994745,
    66412.9505268756,
    66521.48936569078,
    66735.3884387065,
    66860.30574313855,
    66683.71289085437,
    66741.21981768549,
    66688.62043170675,
    66630.82888015691,
    66674.97448070651,
    66581.35073321467,
    66469.4796184686,
    66774.32162975357,
    66794.30316085815,
    66517.1597689279,
    66517.29275887285,
    66466.44058378502,
    66444.45410400286,
    66331.62463090713,
    66375.06666880092,
    66284.482768732,
    66546.10792505798,
    66674.76525877648,
    65813.3236524164,
    65970.42899513361,
    66252.8557606698,
    66578.9309952134,
    67070.37991749584,
    67111.63131687373,
    67548.59321993159,
    67461.9195301119,
    67274.14216754284,
    67516.1458614326,
    67616.6140366827,
    67448.61317843373,
    67434.17090680324,
    67590.41657666316,
    67850.83361908437,
    67454.49103166346,
    67732.65929264908,
    67565.83141885296,
    67262.04727463868,
    66753.13370588605,
    66555.3785781471,
    66432.346364874,
    66587.99024414114,
    66757.19246041842,
    66734.19561943135,
    66699.27436893585,
    67091.7699360093,
    67930.29873609915,
    67945.39135718174,
    67646.52741376395,
    67488.81448012279,
    67618.1466100619,
    67449.74316002423,
    67299.23356164555,
    66756.23307911558,
    66037.9769355128,
    66302.74182544308,
    66620.01251485397,
    66608.17879412256,
    67163.45267766963,
    66558.38670829509,
    66698.35856220762,
    67542.07857770176,
    67395.06167693074,
    67721.57727071697,
    67762.72263907967,
    68136.90158842586,
    68196.60422235407,
    68146.94856232416,
    68231.32977209098,
    68223.70211409187,
    67741.61626889415,
    67581.86166020094,
    68067.62035882538,
    68224.37632532336,
    68401.93752431103,
    69101.02455101817,
    68685.48522794421
  ],