{
  "AAPL": [
    255.6300048828125,
    255.9199981689453,
    258.8599853515625,
    253.5,
    258.8999938964844,
    260.489990234375,
    260.4800109863281,
    259.20001220703125,
    258.8299865722656,
    266.42999267578125
  ],
  "GOOGL": [
    297.3900146484375,
    295.7699890136719,
    299.989990234375,
    305.4599914550781,
    317.32000732421875,
    318.489990234375,
    317.239990234375,
    321.30999755859375,
    332.9100036621094,
    337.1199951171875
  ],
  "BTC": [
    67618.85865651761,
    67524.98600017147,
    68319.43753253935,
    68985.52642694542,
    69083.92977430127,
    68800.40695728877,
    69227.82786574122,
    69064.09289025438,
    69116.69442689166,
    69171.24699553306,
    68966.1397153888,
    69085.18372122863,
    69233.4136963385,
    69734.14395438247,
    69729.51473053802,
    69600.5179200479,
    69352.92735076058,
    69373.69205341725,
    69667.13541738002,
    69929.83872890126,
    69841.20001007705,
    69564.81342982552,
    69878.68104808578,
    69717.8937360636,
    69831.8001596643,
    69517.64005572062,
    68899.60245420209,
    68864.23452757328,
    68832.75094748284,
    68427.09873546906,
    68663.74447668072,
    68751.88746717676,
    68851.31995374622,
    68619.33116054142,
    68567.66396182259,
    68623.99620612123,
    68946.09680366235,
    69141.14072015522,
    68229.74780513061,
    68354.49021829801,
    68410.07652754907,
    68261.13224800787,
    67946.5734483157,
    68143.49762077775,
    68212.47656909314,
    68696.07855831205,
    68422.4839048095,
    68980.0719686061,
    69283.45294227805,
    69902.9648185693,
    71406.79268018887,
    71975.62171045873,
    71675.99566085906,
    71455.72565809466,
    71319.15990521638,
    71288.57608171008,
    71588.90550886675,
    71715.30467887901,
    71716.33126607565,
    71607.85137669035,
    71769.45685444491,
    71684.51069741158,
    71500.27882941788,
    71677.1185370044,
    72088.64825915922,
    71595.26553578468,
    70839.24039381472,
    71300.97902964945,
    71616.877152209,
    71892.24518699429,
    71229.56326243738,
    71305.21033797062,
    71362.71539046324,
    71530.37434625559,
    71084.7379943279,
    71117.07713411814,
    70845.22545982263,
    70922.75282918435,
    71068.58019162083,
    70981.6288101902,
    70799.60700836459,
    70965.48437451581,
    71016.5630113181,
    70978.52324259015,
    71246.89042396861,
    71507.87481912013,
    71300.96039707496,
    71155.21114397157,
    71276.76446761427,
    70785.05000466589,
    71127.957103332,
    72118.44858894373,
    72037.6426727806,
    72336.54140048083,
    71893.610912954,
    72070.08677387866,
    72383.7859971068,
    72266.84687965605,
    72038.73499515245,
    71770.7468500515,
    71901.79175365834,
    72173.42838519269,
    71953.23424014167,
    71865.73686761591,
    72079.56841539979,
    72112.96420024637,
    71817.12552073848,
    71470.27731650925,
    71593.7324591,
    71796.50490633331,
    71920.85028120317,
    72119.88962425478,
    72262.57545693751,
    72352.99495246565,
    72910.286509564,
    72416.71456276764,
    73047.87605887717,
    73108.13417606706,
    73113.35661801924,
    73242.51336592567,
    73154.25045773029,
    73030.13569896588,
    72926.07869726027,
    72843.71988601146,
    72933.62950394394,
    72979.02160669946,
    72886.12041481228,
    72827.93298111406,
    72843.21745118427,
    72842.7231933809,
    72775.97739192744,
    72766.14590799584,
    72772.64644979121,
    72853.90041790249,
    72817.08792837358,
    72916.14120350627,
    72916.14120350627,
    72804.2299612631,
    72748.47373621527,
    72789.74511933756,
    72911.0624318832,
    73152.70207419568,
    73538.48935210315,
    73538.48935210315,
    73448.58870379567,
    73398.20533676402,
    73486.94155013928,
    73053.88808483821,
    72979.83971431734,
    73085.90563102519,
    71795.81856513888,
    71564.79218802848,
    71564.79218802848,
    71564.79218802848,
    71564.79218802848,
    71658.39262133169,
    71817.96361452986,
    71661.6951211,
    71484.30672806092,
    71741.79142212505,
    71662.19399624226,
    71746.64597859567,
    71630.03448995003,
    71552.63541930693,
    71456.10546729324,
    71491.13137229905,
    71149.9056162426,
    70911.47145158266,
    70779.92731840577,
    70904.84604333997,
    70903.77263535118,
    71150.64375760725,
    71163.53405223005,
    71106.4322764737,
    71345.73089938107,
    71281.69736597982,
    70904.50714836456,
    70756.75105500016,
    71165.70954152242,
    71200.90367970068,
    71068.79552154658,
    70995.17192216238,
    70922.26986983724,
    70855.49027047162,
    71046.10954568665,
    70821.26242203725,
    70678.34587741118,
    70791.57671954377,
    70757.81212381866,
    70942.34306274488,
    71116.96710790826,
    71583.55893696092,
    72339.61715675824,
    71862.77335070871,
    72188.72160865474,
    72162.8397916949,
    72460.07864955084,
    73381.47419986023,
    73203.04293101993,
    73221.60423747003,
    74666.14313470945,
    74514.63006655,
    74158.89130980147,
    74388.23287589433,
    74372.4013312016,
    74459.50532558873,
    74395.7884544637,
    74208.53947859819,
    74561.14077822378,
    74545.48481720747,
    74759.88315001455,
    74529.6774912288,
    74420.40463273888,
    74419.89892258226,
    74447.52478221676,
    75482.48487597577,
    75181.38556603497,
    75395.3924398678,
    74651.92842887786,
    74773.49780939563,
    74100.7452778941,
    74263.1900745163,
    74072.48913347033,
    74290.23171793141,
    74103.7716473976,
    74181.10807228928,
    74573.40267174094,
    74654.99786830232,
    74341.62437331716,
    74365.80262765262,
    74330.25655492964,
    74046.70291058748,
    73907.20613060378,
    73761.19237686085,
    74145.59574331983,
    74016.72781267343,
    74032.58109612072,
    74204.63222618688,
    74373.37724976474,
    74069.7053336587,
    74154.90157819202,
    73820.14400449459,
    73920.4427234278,
    74112.8124801126,
    74381.43657451161,
    75065.22777479656,
    74716.92529309359
  ],