{
  "AAPL": [
    273.04998779296875,
    266.1700134277344,
    273.1700134277344,
    273.42999267578125,
    271.05999755859375,
    267.6099853515625,
    270.7099914550781,
    270.1700134277344,
    271.3500061035156,
    280.1400146484375
  ],
  "GOOGL": [
    337.4200134277344,
    332.2900085449219,
    339.32000732421875,
    338.8900146484375,
    344.3999938964844,
    350.3399963378906,
    349.7799987792969,
    349.94000244140625,
    384.79998779296875,
    385.69000244140625
  ],
  "BTC": [
    75763.05667180788,
    75574.10377442642,
    75629.08968346077,
    76350.25202878818,
    76308.7293299303,
    76322.61641898053,
    77536.75470746626,
    77587.83202645402,
    77478.20552898936,
    78016.40224612548,
    77988.76554637455,
    78067.63707556471,
    78058.08975780573,
    78024.52473191661,
    78144.37988534916,
    78287.86829838748,
    78273.8966848666,
    78815.99780735128,
    79080.63292286295,
    79321.15968354288,
    78751.70323522005,
    78923.92967916405,
    79026.34137679906,
    78946.3912548935,
    78453.79426420951,
    78791.52632630398,
    78602.89731358779,
    78194.78334884858,
    78406.2930435807,
    78357.18396749758,
    77985.92377137982,
    77745.85432228484,
    77935.74125864716,
    78027.34427996507,
    78224.5180282668,
    78031.99538001728,
    77897.87177343022,
    77638.50183036197,
    77421.70696946804,
    77720.82903527566,
    77689.20240973093,
    77534.60343866517,
    78194.45325685579,
    78400.43360010415,
    78107.69300312691,
    77774.75239415659,
    77788.60996280434,
    77758.18784079723,
    77892.40295122238,
    77960.96780301731,
    78241.97434139495,
    78260.61998045091,
    78385.9994566751,
    78450.36540019314,
    78147.75938482724,
    77747.45626454431,
    77705.47025945061,
    77986.53527373911,
    77820.67157019368,
    77631.4765633673,
    77849.7374088029,
    77541.44001609184,
    77769.18978227278,
    78246.79964995776,
    78191.33520155153,
    78079.14695903476,
    78040.02364193133,
    78047.3380693329,
    77754.58226000571,
    77684.72881988292,
    77597.78722462713,
    77640.62590796669,
    77743.96821879945,
    77598.4707273492,
    77360.7247577714,
    77444.79563692068,
    77462.08912922682,
    77566.91332664572,
    77632.1049866153,
    77659.99727324375,
    77641.01117283583,
    77526.33855221451,
    77546.29139125944,
    77552.43014091096,
    77633.44423479457,
    77756.29359070981,
    77798.77053029239,
    77681.05139222337,
    77572.56576897178,
    77704.47912526024,
    77666.8630936243,
    77369.37427037527,
    77411.63283414992,
    77268.59468461889,
    77327.62457986774,
    77334.26544839946,
    77485.94368156035,
    77517.55017621993,
    77571.92469081761,
    77619.14219872655,
    77504.17855812809,
    77474.23663746598,
    77508.39871110146,
    77421.9680597692,
    77780.732585964,
    78011.43215971511,
    77968.04637604058,
    78104.00311325732,
    78046.40161728268,
    78007.27442207371,
    78005.02861473465,
    78110.88161863454,
    77838.15248676843,
    77940.84317164119,
    78104.22069639667,
    78050.75607592058,
    77985.65557780031,
    78034.51980737594,
    78274.34065021528,
    78240.93686631313,
    78229.8417681944,
    78407.16125498862,
    78378.05061328351,
    78645.12560170851,
    79260.26248669959,
    79217.03669448356,
    79161.16903469128,
    79096.32338375495,
    78918.2674998158,
    77819.8190965596,
    77728.11296302704,
    77653.42820403715,
    77801.48133620767,
    77918.22130374532,
    77858.06178429707,
    77839.13057125034,
    77636.7357570139,
    77767.52764704514,
    77816.0572264602,
    76772.56122738226,
    76597.37629170864,
    76701.61237959677,
    76840.12034837836,
    76829.48158520267,
    76986.58306724002,
    76798.22801186582,
    77068.29246494433,
    77361.29911038803,
    77383.54057877463,
    77090.31107128707,
    76833.05668971647,
    76804.77382356762,
    76884.15413049556,
    76948.09017415001,
    76711.2208351938,
    76871.94798938799,
    76823.96703050246,
    76582.2382436488,
    76587.46607990249,
    76182.61040738711,
    76342.5588428331,
    76180.39793452619,
    75849.31178726906,
    76040.86480284185,
    76108.79943793108,
    76174.499991253,
    76223.05617004436,
    76340.1341246333,
    76445.86122627115,
    76353.70892706158,
    76229.4038502392,
    76345.22521002527,
    76505.05470800745,
    76537.83594119303,
    76478.80195313173,
    76961.46963288501,
    77289.79308700348,
    77258.63042398472,
    76964.99741594712,
    77023.71023600476,
    77028.46347185198,
    77629.86690905425,
    77596.56363815261,
    77579.59487006326,
    77127.99638212805,
    76776.12526378022,
    76558.49021649477,
    75858.12862387307,
    75763.67004036404,
    75996.93512732009,
    75436.56581067356,
    75468.90041834336,
    75701.80458172278,
    75924.91798195371,
    75907.29950981027,
    75774.8855230121,
    76255.01364165342,
    76220.83380666314,
    75691.65564515392,
    75909.7088552133,
    75459.6526551717,
    75580.06196734082,
    75713.26283708648,
    76085.14106760567,
    76026.7764354485,
    76090.4726987875,
    75986.04492329038,
    76005.83880555014,
    76280.05036510443,
    76410.61364346408,
    76270.43468783535,
    76455.76704590907,
    76216.33823270486,
    76235.32221878375,
    76343.14131925348,
    76391.95833110265,
    76465.47268894286,
    76231.26886058506,
    76189.37205616337,
    76286.57710950871,
    76379.67128631244,
    76656.57064385938,
    76517.3133818177,
    77085.22718465359,
    77009.0736401404,
    77118.9788591889,
    77034.26419331781,
    77096.21079038092,
    77340.98047049128,
    77231.30471966216,
    77240.15798301293,
    77433.64205650402,
    77969.27491618901,
    78695.21355815475,
    78320.42975742156,
    78434.82448589527,
    78252.9324694872,
    78548.40091164663,
    78382.96178450093,
    78423.58948035864,
    77997.55785675219
  ],