{
  "AAPL": [
    307.3399963378906,
    301.5400085449219,
    290.54998779296875,
    291.5799865722656,
    295.6300048828125,
    291.1300048828125,
    296.4200134277344,
    299.239990234375,
    295.95001220703125,
    297.760009765625
  ],
  "GOOGL": [
    368.5299987792969,
    363.30999755859375,
    364.260009765625,
    356.3800048828125,
    357.7699890136719,
    359.67999267578125,
    369.3500061035156,
    373.25,
    363.7900085449219,
    363.29998779296875
  ],
  "BTC": [
    63731.845419079924,
    63455.42095436701,
    63486.55749595917,
    63426.94217807585,
    63364.111069051134,
    63429.52697889757,
    63758.168414545864,
    63404.5448567149,
    63078.44049480062,
    62521.10105576993,
    62764.01753232251,
    62824.67788347735,
    62839.35254293068,
    63231.29657420249,
    63309.01004093081,
    63246.48358224153,
    63164.25608395359,
    62823.55164337146,
    62688.51554928853,
    62762.48564583781,
    62681.14701021562,
    62538.666070313615,
    62332.828912384895,
    61419.43726564442,
    61108.39138911923,
    61363.11019490096,
    61681.90858983838,
    61757.899290796486,
    62024.58648570189,
    62075.32494378098,
    61678.19932637624,
    61649.10953241255,
    61658.28493108778,
    61839.77059178349,
    61668.9816840662,
    61292.9080724835,
    61496.93202019679,
    61223.551579718725,
    61303.38099989141,
    61425.66499549835,
    61647.38692586603,
    61216.832016828615,
    61283.353538509014,
    61344.54188670831,
    60996.128040922595,
    61584.534192559164,
    62075.453827768506,
    61980.755226660855,
    62623.647434555314,
    62133.14107393966,
    61927.62470820218,
    61806.87304374298,
    61941.027330796045,
    61719.94638874202,
    61230.51600625681,
    61356.371009591996,
    61464.23949995995,
    61803.34636963933,
    62171.234316802744,
    62116.95254207385,
    62662.389097257146,
    62649.995463096144,
    62583.47363710605,
    62706.43743519868,
    62646.07013470698,
    62860.019279567176,
    62854.72263200298,
    63079.36499333171,
    63058.39424840454,
    62961.683346341044,
    62989.67386103632,
    62721.453316968335,
    62640.73151783662,
    62522.238666573896,
    63428.66958227789,
    63430.60629621195,
    63576.83681249627,
    63331.14667252403,
    63428.355598163755,
    63477.65630121868,
    63552.30087011473,
    63580.00819320512,
    63342.485741978475,
    63506.29080858776,
    63434.98694269971,
    63619.2683507374,
    63292.28300432518,
    62906.10966879114,
    63021.359958826964,
    63389.801358006895,
    63724.00769013387,
    63636.603117999526,
    63730.623656376774,
    63405.206177959175,
    63105.325352929416,
    63898.78747971838,
    63625.06317356082,
    63917.73346484142,
    63811.24925829858,
    63677.0960776868,
    63582.806131574594,
    63427.61776228317,
    63453.028203198715,
    63474.25336205742,
    63532.49559512626,
    63597.02203692289,
    63775.20757588661,
    63608.14534923633,
    63505.788873048805,
    63487.16345110324,
    63513.93729161154,
    63694.29154869962,
    63781.418199130865,
    63779.54391634056,
    63717.365517844344,
    63796.66628118353,
    63926.68507690926,
    64126.18861050401,
    64060.27402849239,
    64184.39547780278,
    64270.750199011265,
    63964.556061772084,
    63944.08714863861,
    64115.78119423838,
    64278.03702009804,
    64246.54794773648,
    64449.72820590796,
    64437.99982792179,
    64415.22089619007,
    64514.75328561332,
    64561.23046799117,
    64472.06685587077,
    64510.53014880548,
    64353.64117555976,
    64331.793700305214,
    64253.568988831044,
    64397.3738759612,
    64425.782631157344,
    64574.26111468874,
    64492.72780715823,
    64524.82045656817,
    64294.67183468997,
    64287.823273260045,
    63922.43468259581,
    64006.579338015246,
    63917.72656499487,
    63691.244044291685,
    63774.73223241228,
    63759.51013798688,
    63987.738180436216,
    65311.25348726413,
    65347.35215463668,
    65713.6235604093,
    65593.97025078039,
    65460.46466949333,
    65412.919906986936,
    65874.8516420869,
    65624.31317183514,
    65811.95187227325,
    65789.45846041392,
    65620.13052244934,
    65647.1556706323,
    65547.09575903144,
    65859.39810736204,
    66176.6769963115,
    66529.06791842816,
    66428.78654700873,
    66586.24781846616,
    67203.74322201993,
    67153.08380931441,
    66828.6012908173,
    66769.46335691397,
    66550.76685016969,
    66491.03224606764,
    66344.9252660968,
    66179.29479665706,
    66300.03552398227,
    66234.34991001834,
    66304.20148317334,
    65679.58893459836,
    66107.3904460563,
    65832.02266577541,
    66041.37651002446,
    66420.43661274928,
    66330.87359644237,
    66894.71556610646,
    66478.07109056243,
    66456.89263167174,
    66415.61928528006,
    66378.38209679187,
    66044.09472728668,
    65615.21176154546,
    65856.94616022993,
    65724.78187447831,
    65887.3354905345,
    65792.27027664907,
    65562.40822818082,
    65791.43457939313,
    65712.0073438524,
    65716.96186335573,
    65606.96732060197,
    65697.03531324727,
    65872.4798591013,
    65846.91715363193,
    65750.37281615617,
    65841.73204515975,
    65771.89595947663,
    65555.14979706943,
    65469.460950432134,
    64890.84924045815,
    64822.102006656045,
    64724.80750993822,
    64774.91599569361,
    64967.98785803342,
    65219.99577953564,
    65065.51501590257,
    65672.10190013683,
    65834.73375345417,
    65994.5858308102,
    65446.44021870849,
    64181.05545225444,
    64356.15614101028,
    64204.80170033092,
    64280.19828331087,
    64422.57366477588,
    64415.3448923168,
    64498.0596375187,
    64648.40575953906,
    64231.04408260966,
    63883.22849894649,
    63928.438252364365,
    64040.80792898535,
    64426.68374055879,
    64351.66443233458,
    64156.527564594006,
    64060.324493329135,
    63915.19857732089,
    64309.78028980231,
    63854.8919952108,
    63773.94493559738,
    63528.39941811365
  ],