{
  "AAPL": [
    280.1400146484375,
    276.8299865722656,
    284.17999267578125,
    287.510009765625,
    287.44000244140625,
    293.32000732421875,
    292.67999267578125,
    294.79998779296875,
    298.8699951171875,
    298.32989501953125
  ],
  "GOOGL": [
    385.69000244140625,
    383.25,
    388.42999267578125,
    398.0400085449219,
    397.989990234375,
    400.79998779296875,
    388.6400146484375,
    387.3500061035156,
    402.6199951171875,
    402.4549865722656
  ],
  "BTC": [
    80468.0775179202,
    80114.39169381397,
    80052.0708073038,
    79929.45608891523,
    80248.55770465586,
    80060.10705547684,
    79824.40331204748,
    80138.68119208484,
    80325.98978821686,
    80502.6608897079,
    80862.32986289714,
    80879.64169767959,
    80964.32892911187,
    80929.42691227201,
    80832.01520950334,
    80777.53289851543,
    80559.87773983457,
    80807.32656323555,
    80980.88740291572,
    81269.26250467004,
    81344.9530195381,
    81320.6271467758,
    81531.44168217648,
    81239.08701427226,
    81263.69235345974,
    81505.5389396501,
    81610.0981394073,
    81640.76606774832,
    81435.04217472997,
    81102.49055562499,
    80925.09365495079,
    81025.08656540702,
    81397.411569984,
    81358.38548975713,
    81584.74166306602,
    81306.10012559843,
    81297.72330722761,
    81473.56659293742,
    81329.1136388315,
    81899.30243968488,
    81952.1101049097,
    82290.68407538498,
    82496.20820745183,
    82205.60200195608,
    81706.995476948,
    81514.56522213451,
    81680.52689781821,
    81633.84574005251,
    81442.95333192401,
    81360.03801766584,
    81467.38228080935,
    81396.90859345869,
    81535.56051187172,
    81341.72824280302,
    81424.99515650333,
    81025.86984340467,
    81164.7659265684,
    81101.16003173548,
    80866.42753547305,
    80953.3833159498,
    81039.78989761735,
    81397.13070774359,
    81497.72906865228,
    81212.97643770608,
    80923.64105632599,
    80829.48845781687,
    80858.04643663602,
    81158.02618621176,
    80518.08550605948,
    80160.46228405276,
    79895.48468462411,
    79785.58492155476,
    80080.24103755607,
    80208.20259981617,
    80086.82987664758,
    79864.24334933555,
    79778.9710136237,
    79903.13315729475,
    80022.04125006415,
    79773.77281488809,
    79726.5063910817,
    79467.2776985759,
    79565.88415271358,
    79643.43510935546,
    79621.66883251265,
    79482.76287784053,
    79666.44198815993,
    79901.01949747415,
    79852.08374240961,
    80195.29628009013,
    80218.69695879071,
    80047.65873791873,
    79588.23885692912,
    80097.30821841754,
    80104.66044328224,
    79799.24748348113,
    80026.20541110853,
    80134.6910565651,
    80095.51493127189,
    80115.99080461846,
    80222.98937217446,
    80272.10755156755,
    80189.06503567853,
    80227.05117840739,
    80338.74262095778,
    80403.26336788909,
    80381.29773964443,
    80374.19698015944,
    80384.38574538061,
    80225.08553906319,
    80217.38206877769,
    80393.63767911753,
    80205.7613054906,
    80252.18834131895,
    80350.36116385079,
    80385.0903436548,
    80375.02812868063,
    80321.08226008785,
    80513.2583951042,
    80630.9162025437,
    80785.86258160052,
    80879.96174929348,
    80894.73012869508,
    80788.8733783315,
    80783.06688231578,
    80742.81677374235,
    80678.03394296461,
    80636.17438569819,
    80646.3677133728,
    80740.68224066612,
    80784.86044941361,
    80756.84067640145,
    80687.81763340271,
    80707.17550393201,
    80713.38278757007,
    80807.26967707316,
    80789.39171240719,
    80866.49555629356,
    80823.27765456258,
    80887.27456820405,
    80934.7288755923,
    80932.16651690709,
    81405.10348001376,
    81323.98418900248,
    81443.36517602435,
    81264.60516402808,
    81411.0286812594,
    80687.32159893127,
    80720.07644503274,
    82025.58932286626,
    82145.65606759128,
    81433.73448367607,
    81472.29863059585,
    81179.93465005465,
    80694.97932549506,
    80825.82378598195,
    80821.49056329245,
    80841.65645012756,
    80710.23791266454,
    80740.62330786207,
    80942.44595589298,
    80942.53310700732,
    81149.89283166677,
    81045.84776489827,
    81001.73089268175,
    80898.20817826076,
    81383.84565643611,
    81572.92679294707,
    81900.99041225105,
    81876.99123747677,
    81939.13911645801,
    81795.30398041235,
    81811.90192971023,
    81823.28617527579,
    81725.20771701908,
    81530.92615591706,
    81170.30460840944,
    81222.304124304,
    81026.2679937985,
    81199.57392751012,
    81229.06269424419,
    81010.85603635802,
    80862.23210418917,
    80837.67211840981,
    80791.43564091134,
    80632.79138688132,
    80745.79929009557,
    80845.76358282797,
    80485.01831309334,
    80496.58046316024,
    80336.59109533313,
    79962.92388446922,
    80487.83277814712,
    80679.53997173761,
    80788.26866585051,
    80675.66918067574,
    80557.61091059956,
    80652.28434539585,
    80480.88600120835,
    80691.23503359752,
    80986.08973138953,
    81023.16665948738,
    81195.70925003936,
    81206.64457454227,
    80991.70388721126,
    80954.3346205502,
    80976.2602877737,
    81150.00352652717,
    81234.86412675556,
    80794.70352168809,
    80484.93652001802,
    80172.12834472199,
    79611.24439222651,
    79694.94565363339,
    78827.54792181139,
    79083.71529336565,
    79469.1336535052,
    79611.13033898249,
    79563.36017130932,
    79664.0059203044,
    79371.06007842836,
    79401.91331959852,
    79277.8045183824,
    79571.06259655117,
    79556.9768049897,
    79326.79558356298,
    78973.18631712155,
    79398.19210185793,
    79785.00644936842,
    79790.68604436822,
    79766.37977146132,
    79786.22165732547,
    79601.9534672012,
    79545.68685406531,
    79264.05774143318,
    79726.24351022104,
    79810.89690179186,
    80920.39660281195,
    81293.32833629358,
    81594.45896822178,
    81643.91770814115
  ],