{
  "AAPL": [
    315.32000732421875,
    317.30999755859375,
    314.8599853515625,
    327.5,
    333.260009765625,
    333.739990234375,
    326.5899963378906,
    327.739990234375,
    325.8900146484375,
    321.6600036621094
  ],
  "GOOGL": [
    357.17999267578125,
    352.510009765625,
    359.510009765625,
    370.9200134277344,
    354.4599914550781,
    346.7699890136719,
    351.989990234375,
    347.1499938964844,
    342.0899963378906,
    317.69000244140625
  ],
  "BTC": [
    62156.85189451307,
    62015.41030205389,
    61864.28276488537,
    62278.96301585648,
    62490.89535720629,
    62474.12797882117,
    62487.93138383498,
    62512.573266577776,
    62680.6145141495,
    62660.627598708386,
    62550.38446654391,
    62488.790189337466,
    62641.524096547524,
    62565.282726610545,
    62733.96981630304,
    62790.32956590777,
    63877.51299855975,
    63784.228588189406,
    64210.675948758966,
    64694.415204925426,
    64696.439874549666,
    64584.781606909346,
    64531.44203944014,
    64545.07505954235,
    64519.025752289024,
    64627.64828971589,
    64827.80673508109,
    64983.51907427709,
    64792.86680266079,
    64630.23506459283,
    64458.30869139724,
    64744.45009394039,
    64715.80648590516,
    64879.81627741898,
    64783.19758395306,
    64530.524182337955,
    64716.71055190376,
    64616.81886670284,
    64612.437448741184,
    64686.69008829031,
    65111.93308545047,
    65079.88440645864,
    65335.576804317876,
    65387.62159866124,
    65067.83032281296,
    65010.00907758148,
    64846.32255831918,
    64921.50814886572,
    64934.53379667073,
    64789.01717833582,
    64831.35339546887,
    64717.168891130066,
    64545.16621464793,
    64692.94734170634,
    64607.590602563236,
    64567.10396801394,
    64558.78293880414,
    64869.47791318373,
    64723.389590961306,
    64202.462169884,
    64104.52187638689,
    64034.87501301949,
    64152.30680266605,
    64191.18176998467,
    63941.1237245396,
    64371.137712774704,
    64477.544117994636,
    64567.24873731689,
    64349.01944080994,
    64066.052010897016,
    64251.93049077147,
    64216.51709647299,
    64070.96680242502,
    64153.71144000597,
    63939.59617039982,
    63757.311926272996,
    63918.2637573722,
    63478.33090458458,
    63466.056856264,
    63462.8166210005,
    63335.37308525714,
    62775.682985890824,
    62870.46983787568,
    62799.28004346911,
    62844.190793326845,
    63018.08929476827,
    63151.525270174774,
    63268.69517431576,
    62986.61900308473,
    63140.918673875014,
    63121.97973672302,
    63377.5027353983,
    63594.24098513177,
    64001.683401782175,
    64162.73851772051,
    64031.72408602217,
    64136.321579086485,
    64069.072151022425,
    63900.259551643125,
    63918.383235832494,
    63861.4906715413,
    63933.83721799981,
    63927.15490637289,
    63952.45181627104,
    63913.04541859173,
    63924.56730660841,
    63955.415107701156,
    63940.191660870485,
    63964.22566595461,
    63951.27872203155,
    63977.29209286933,
    64080.46711793263,
    64136.653601908154,
    64066.125625925226,
    64084.336029275844,
    64077.727818974156,
    64251.66365631247,
    64435.671232181354,
    64484.54945437706,
    64516.04413227267,
    64645.67725057274,
    64737.69415279222,
    64761.54093529008,
    64815.18442406561,
    64744.01153902927,
    64738.695514211715,
    64758.94497763968,
    64659.03499027604,
    64713.354547393894,
    64667.53261923098,
    64675.83383012335,
    64641.057412468675,
    64678.43389124764,
    64456.267099807,
    64494.39485320055,
    64399.31544880729,
    64356.26874499855,
    64460.53600534127,
    64551.731202453026,
    64507.97263188218,
    64439.50292004708,
    64463.15077208659,
    64344.411818234665,
    64464.88203851922,
    64501.059294983635,
    64495.579952375534,
    64577.428605600784,
    64568.58417474858,
    64507.43015109619,
    64768.53037015511,
    64798.87773201309,
    64764.09653567568,
    64465.42164133555,
    64065.708230908436,
    63887.20149282343,
    64244.3222321066,
    64017.14787025919,
    64176.2420969582,
    64257.47344742809,
    64797.60295394895,
    64582.73400840946,
    64344.21892391242,
    64476.583813125726,
    65476.20536659498,
    65425.4978654691,
    65622.63817446477,
    65166.93305976926,
    65042.233951730515,
    65286.481117969626,
    65153.51838703575,
    65108.19091961847,
    65143.63336057771,
    65460.32698481049,
    65241.2950818853,
    65406.25301668491,
    65554.43699948135,
    65474.47035592955,
    65759.04022660077,
    65896.13691348856,
    66127.290299542,
    66152.90767571786,
    66248.78700725109,
    66151.17562718963,
    66248.58383219349,
    66474.72511173418,
    66775.89772584087,
    66667.59508012801,
    66660.61853711962,
    66504.89694281312,
    66098.21241664494,
    66282.59931071228,
    66374.5299927497,
    66295.27697013113,
    66324.76364118033,
    66205.36199878262,
    66538.77989486973,
    66558.0610853501,
    66347.47364762577,
    66311.1596228336,
    66210.11559335006,
    66313.93658705558,
    65942.4622203583,
    65907.20834249683,
    65885.348903882,
    65938.46394111813,
    65896.73997484965,
    65995.36825264654,
    65937.93481844396,
    65583.85702972297,
    65868.87275962751,
    65791.22816967103,
    65998.75536033104,
    66206.27724064077,
    65981.97466426856,
    65826.21785420094,
    65875.52863245748,
    65881.29968073174,
    65961.98253446621,
    66007.38842630862,
    66048.83559412735,
    66059.1495397085,
    65758.32059493414,
    65766.46456716879,
    65597.80992117089,
    65545.09392150244,
    65667.05902165703,
    65694.67293236204,
    65398.06165629832,
    65606.72836149986,
    65597.83364834852,
    65672.22541625374,
    65502.68045955387,
    65154.89474261412,
    64881.87225781451,
    64831.65520725861,
    64844.85418423179,
    64748.26972143978,
    64623.597308365934,
    64821.7238066609,
    64804.78307554462,
    65104.70698956581
  ],