{
  "AAPL": [
    275.1499938964844,
    283.7799987792969,
    281.739990234375,
    289.3599853515625,
    294.3800048828125,
    308.6300048828125,
    312.6600036621094,
    310.6600036621094,
    313.3900146484375,
    316.2200012207031
  ],
  "GOOGL": [
    343.7099914550781,
    337.3900146484375,
    353.6499938964844,
    357.3699951171875,
    361.2099914550781,
    359.9100036621094,
    366.4599914550781,
    367.0299987792969,
    361.9200134277344,
    358.8900146484375
  ],
  "BTC": [
    59434.561635618695,
    59224.09548556559,
    59278.70670720093,
    59290.66415548365,
    59080.666508993316,
    58361.62212387054,
    58603.030121524156,
    58424.39729457026,
    58331.3311178704,
    58375.41692485716,
    58331.83443777217,
    58579.528664432866,
    58711.424716016336,
    58668.24249598245,
    58553.23708090124,
    58519.109561345475,
    58557.699161739816,
    58474.56780052823,
    58695.88415560775,
    59007.480156095095,
    59087.88649635893,
    59240.81479183014,
    59056.07800512759,
    58660.38219233212,
    58678.894153851295,
    58884.753538105266,
    58866.763614235475,
    58590.05322656013,
    58541.60278645741,
    58448.22896692919,
    59312.92896437234,
    59466.02292764383,
    60090.85821617794,
    59852.979014868964,
    60132.64834348138,
    60095.709313453386,
    59960.31569926729,
    60065.380452334844,
    60745.743247635626,
    60415.2229242068,
    59979.90070833996,
    59660.4839927567,
    60084.32991287333,
    60384.86661547189,
    60957.393957087705,
    60729.02277627768,
    60446.65072196339,
    60221.16622835474,
    60055.335102163546,
    60431.30338105714,
    61139.924936473275,
    61192.444687262076,
    61220.64052012101,
    61467.82857696401,
    61839.24095285028,
    61559.14539111479,
    61552.24644930286,
    61590.77616291104,
    61610.62755154093,
    61686.23259803437,
    61427.45640568673,
    61508.07375090117,
    61503.81872816729,
    61438.58446448573,
    61487.29901031284,
    61237.16135251831,
    61533.75646897373,
    61363.8521565249,
    61353.15167836988,
    61391.16847497167,
    61632.764774500036,
    61662.83761214957,
    61696.22955231316,
    61514.027723446874,
    61652.43657254511,
    61864.89102935673,
    61953.556085459175,
    61907.5900261029,
    62047.91006319728,
    62122.81633107454,
    61868.114447527485,
    62047.01380537126,
    62128.092588572435,
    62162.777580189475,
    62157.92997951671,
    62686.692450261944,
    62690.4786542379,
    62533.8264247283,
    62553.59200884509,
    62700.90133125955,
    62436.791019800745,
    62482.58461473608,
    62587.62471405669,
    62603.43275198819,
    62407.120168589456,
    62451.84682956266,
    62532.23831629742,
    62520.84723413682,
    62450.20119712215,
    62482.39506667081,
    62453.12714663282,
    62610.396860971974,
    62536.59571423263,
    62633.96023435144,
    62880.762249371735,
    62876.142857469764,
    63265.08190642989,
    63117.40706240529,
    63258.54754066335,
    63196.956647480525,
    63266.54853473329,
    63133.65522954236,
    63094.24017750663,
    62911.17832947541,
    62843.35957438356,
    62631.116007543984,
    62734.25655011185,
    62785.11026004227,
    62709.51187800394,
    62724.35082043866,
    62978.095888553216,
    62887.67049149987,
    62566.15760554671,
    62694.52324430207,
    62615.486952953535,
    62677.224459595,
    62737.554656126806,
    62739.572214585096,
    62687.39820897023,
    62592.79284419807,
    62575.48273011255,
    62762.70842480428,
    62724.48656942632,
    62687.03341572992,
    63091.255621016324,
    63625.70218985658,
    63546.43013166118,
    63664.44947588352,
    63517.88397289706,
    63356.81634247567,
    63214.39765600102,
    63212.03855536063,
    63062.9316093853,
    62933.16116759757,
    63035.84457747941,
    62835.1273290497,
    62602.19666873886,
    62753.1882449598,
    62629.58604555236,
    61715.901782077715,
    61780.449238816414,
    61968.36690072932,
    63436.93887280679,
    63655.61229080628,
    63542.08000663692,
    63674.372381924,
    63711.967437081395,
    63795.073329467814,
    64371.47818824933,
    64180.63420514519,
    63994.68116388147,
    64158.33162160982,
    63854.42907009023,
    63275.803446682585,
    63124.7255654564,
    63055.22636161977,
    63093.52474767431,
    63295.03276766405,
    63043.643597929586,
    63067.49655854592,
    63191.92703981319,
    63202.42235299024,
    63338.135433245836,
    63407.301844394664,
    63000.05499932012,
    63507.95601078837,
    63865.49136103849,
    63942.09671686718,
    64134.38775357911,
    63658.43220461216,
    63766.30289430432,
    63641.221279416444,
    63372.597940312146,
    63505.74328204638,
    63287.204623191705,
    63573.84506209216,
    63001.391652521525,
    62932.52174162355,
    62716.95149636293,
    62735.112422890656,
    62583.96837804984,
    62600.141430180454,
    62825.39569794576,
    61984.20323442917,
    62014.74797212771,
    62091.43336056865,
    62246.096425569114,
    61932.05086676209,
    61831.22745667842,
    61842.84560816078,
    61641.213975719205,
    62054.78429083154,
    62048.00605643022,
    62123.72638065353,
    62195.710556983504,
    62056.45927908783,
    62144.73025971306,
    62267.37381989537,
    62252.63748967275,
    62057.24234087997,
    61855.58077868091,
    61740.75242165106,
    61931.83568226704,
    62388.799997011505,
    62513.2301450384,
    62820.149627589315,
    62947.80102698248,
    62836.64826003586,
    62892.293535390665,
    62712.089962465136,
    62726.73097400199,
    62570.820826883464,
    62968.05424026797,
    62947.935198366315,
    62819.43817638452,
    62652.276781562185,
    63076.73003282413,
    63158.21618374233,
    63202.575673133855,
    63255.281135642144,
    63233.95531837552,
    63178.828901258355,
    63201.08806990343,
    63045.18746663233,
    63681.16647688241,
    63919.6728866854,
    63881.11532044424,
    64004.05069425178,
    64060.62365144604,
    63807.168886962325,
    63912.58661436217
  ],