{
  "AAPL": [
    266.42999267578125,
    263.3999938964844,
    270.2300109863281,
    273.04998779296875,
    266.1700134277344,
    273.1700134277344,
    273.42999267578125,
    271.05999755859375,
    267.6099853515625,
    270.7099914550781
  ],
  "GOOGL": [
    337.1199951171875,
    336.0199890136719,
    341.67999267578125,
    337.4200134277344,
    332.2900085449219,
    339.32000732421875,
    338.8900146484375,
    344.3999938964844,
    350.3399963378906,
    349.7799987792969
  ],
  "BTC": [
    75020.97270538584,
    75236.36654292562,
    75599.26577131222,
    75624.6529610848,
    75920.89178630568,
    76024.76202757412,
    75840.65451654213,
    75495.36817299578,
    74800.94102146984,
    74795.1465182244,
    74974.34476516958,
    74689.24400809643,
    74460.14184607656,
    74137.21873636951,
    73856.05501487634,
    74346.05375810764,
    74623.05265769569,
    74458.21813860718,
    74653.54610763465,
    74581.28237935815,
    74277.51462154883,
    74789.56984853405,
    74795.97600729625,
    74741.97729093608,
    75062.12403807922,
    75045.02524645194,
    75179.56431310959,
    75285.69738107114,
    75290.96918392694,
    75004.42275652137,
    75687.721421251,
    75340.28666497084,
    75921.15197965335,
    76437.62877231697,
    76314.88533036472,
    76302.84677235561,
    75970.00268011336,
    75992.70086029985,
    75874.54629352967,
    76085.88237404238,
    75921.29817954023,
    75628.03723799669,
    75728.13586903199,
    75814.67217221636,
    75832.33172653822,
    76008.88286643253,
    76125.0717533993,
    76542.40965523037,
    76367.38771266557,
    76784.39417696862,
    76479.91862901945,
    75992.30702339568,
    75911.10361927166,
    75762.711638902,
    75803.94428247478,
    75861.34549918868,
    75556.47668629252,
    75598.61267682334,
    74995.37782854948,
    75763.05667180788,
    75574.10377442642,
    75629.08968346077,
    76350.25202878818,
    76308.7293299303,
    76322.61641898053,
    77536.75470746626,
    77587.83202645402,
    77478.20552898936,
    78016.40224612548,
    77988.76554637455,
    78067.63707556471,
    78058.08975780573,
    78024.52473191661,
    78144.37988534916,
    78287.86829838748,
    78273.8966848666,
    78815.99780735128,
    79080.63292286295,
    79321.15968354288,
    78751.70323522005,
    78923.92967916405,
    79026.34137679906,
    78946.3912548935,
    78453.79426420951,
    78791.52632630398,
    78602.89731358779,
    78194.78334884858,
    78406.2930435807,
    78357.18396749758,
    77985.92377137982,
    77745.85432228484,
    77935.74125864716,
    78027.34427996507,
    78224.5180282668,
    78031.99538001728,
    77897.87177343022,
    77638.50183036197,
    77421.70696946804,
    77720.82903527566,
    77689.20240973093,
    77534.60343866517,
    78194.45325685579,
    78400.43360010415,
    78107.69300312691,
    77774.75239415659,
    77788.60996280434,
    77758.18784079723,
    77892.40295122238,
    77960.96780301731,
    78241.97434139495,
    78260.61998045091,
    78385.9994566751,
    78450.36540019314,
    78147.75938482724,
    77747.45626454431,
    77705.47025945061,
    77986.53527373911,
    77820.67157019368,
    77631.4765633673,
    77849.7374088029,
    77541.44001609184,
    77769.18978227278,
    78246.79964995776,
    78191.33520155153,
    78079.14695903476,
    78040.02364193133,
    78047.3380693329,
    77754.58226000571,
    77684.72881988292,
    77597.78722462713,
    77640.62590796669,
    77743.96821879945,
    77598.4707273492,
    77360.7247577714,
    77444.79563692068,
    77462.08912922682,
    77566.91332664572,
    77632.1049866153,
    77659.99727324375,
    77641.01117283583,
    77526.33855221451,
    77546.29139125944,
    77552.43014091096,
    77633.44423479457,
    77756.29359070981,
    77798.77053029239,
    77681.05139222337,
    77572.56576897178,
    77704.47912526024,
    77666.8630936243,
    77369.37427037527,
    77411.63283414992,
    77268.59468461889,
    77327.62457986774,
    77334.26544839946,
    77485.94368156035,
    77517.55017621993,
    77571.92469081761,
    77619.14219872655,
    77504.17855812809,
    77474.23663746598,
    77508.39871110146,
    77421.9680597692,
    77780.732585964,
    78011.43215971511,
    77968.04637604058,
    78104.00311325732,
    78046.40161728268,
    78007.27442207371,
    78005.02861473465,
    78110.88161863454,
    77838.15248676843,
    77940.84317164119,
    78104.22069639667,
    78050.75607592058,
    77985.65557780031,
    78034.51980737594,
    78274.34065021528,
    78240.93686631313,
    78229.8417681944,
    78407.16125498862,
    78378.05061328351,
    78645.12560170851,
    79260.26248669959,
    79217.03669448356,
    79161.16903469128,
    79096.32338375495,
    78918.2674998158,
    77819.8190965596,
    77728.11296302704,
    77653.42820403715,
    77801.48133620767,
    77918.22130374532,
    77858.06178429707,
    77839.13057125034,
    77636.7357570139,
    77767.52764704514,
    77816.0572264602,
    76772.56122738226,
    76597.37629170864,
    76701.61237959677,
    76840.12034837836,
    76829.48158520267,
    76986.58306724002,
    76798.22801186582,
    77068.29246494433,
    77361.29911038803,
    77383.54057877463,
    77090.31107128707,
    76833.05668971647,
    76804.77382356762,
    76884.15413049556,
    76948.09017415001,
    76711.2208351938,
    76871.94798938799,
    76823.96703050246,
    76582.2382436488,
    76587.46607990249,
    76182.61040738711,
    76342.5588428331,
    76180.39793452619,
    75849.31178726906,
    76040.86480284185,
    76108.79943793108,
    76174.499991253,
    76223.05617004436,
    76340.1341246333,
    76445.86122627115,
    76353.70892706158,
    76229.4038502392,
    76345.22521002527,
    76505.05470800745,
    76537.83594119303,
    76478.80195313173,
    76961.46963288501,
    77289.79308700348,
    77258.63042398472,
    76964.99741594712,
    77023.71023600476,
    77028.46347185198,
    77643.37866968011
  ],