{
  "AAPL": [
    258.8999938964844,
    260.489990234375,
    260.4800109863281,
    259.20001220703125,
    258.8299865722656,
    266.42999267578125,
    263.3999938964844,
    270.2300109863281,
    273.04998779296875,
    266.1700134277344
  ],
  "GOOGL": [
    317.32000732421875,
    318.489990234375,
    317.239990234375,
    321.30999755859375,
    332.9100036621094,
    337.1199951171875,
    336.0199890136719,
    341.67999267578125,
    337.4200134277344,
    332.2900085449219
  ],
  "BTC": [
    71741.79142212505,
    71662.19399624226,
    71746.64597859567,
    71630.03448995003,
    71552.63541930693,
    71456.10546729324,
    71491.13137229905,
    71149.9056162426,
    70911.47145158266,
    70779.92731840577,
    70904.84604333997,
    70903.77263535118,
    71150.64375760725,
    71163.53405223005,
    71106.4322764737,
    71345.73089938107,
    71281.69736597982,
    70904.50714836456,
    70756.75105500016,
    71165.70954152242,
    71200.90367970068,
    71068.79552154658,
    70995.17192216238,
    70922.26986983724,
    70855.49027047162,
    71046.10954568665,
    70821.26242203725,
    70678.34587741118,
    70791.57671954377,
    70757.81212381866,
    70942.34306274488,
    71116.96710790826,
    71583.55893696092,
    72339.61715675824,
    71862.77335070871,
    72188.72160865474,
    72162.8397916949,
    72460.07864955084,
    73381.47419986023,
    73203.04293101993,
    73221.60423747003,
    74666.14313470945,
    74514.63006655,
    74158.89130980147,
    74388.23287589433,
    74372.4013312016,
    74459.50532558873,
    74395.7884544637,
    74208.53947859819,
    74561.14077822378,
    74545.48481720747,
    74759.88315001455,
    74529.6774912288,
    74420.40463273888,
    74419.89892258226,
    74447.52478221676,
    75482.48487597577,
    75181.38556603497,
    75395.3924398678,
    74651.92842887786,
    74773.49780939563,
    74100.7452778941,
    74263.1900745163,
    74072.48913347033,
    74290.23171793141,
    74103.7716473976,
    74181.10807228928,
    74573.40267174094,
    74654.99786830232,
    74341.62437331716,
    74365.80262765262,
    74330.25655492964,
    74046.70291058748,
    73907.20613060378,
    73761.19237686085,
    74145.59574331983,
    74016.72781267343,
    74032.58109612072,
    74204.63222618688,
    74373.37724976474,
    74069.7053336587,
    74154.90157819202,
    73820.14400449459,
    73920.4427234278,
    74112.8124801126,
    74381.43657451161,
    75065.22777479656,
    74848.27826856509,
    74755.67507475952,
    74994.07056275372,
    74810.96914134864,
    74809.92614171893,
    74624.49892113969,
    74960.58296925222,
    74899.68222426217,
    74954.96884562605,
    75046.35475775148,
    74995.01740779368,
    74705.72124858621,
    74680.89837503555,
    74622.01589094764,
    74332.7583953483,
    74556.17981114863,
    74632.85353044435,
    73705.01360985098,
    73938.04397589041,
    74740.25080601992,
    74214.42990809566,
    74273.00358424732,
    75017.42674367223,
    75389.68135904678,
    75240.31590673576,
    74944.91566812144,
    74883.21300083205,
    75149.1930221427,
    74977.75409490333,
    74787.851905865,
    74695.48255658832,
    74649.52985426539,
    74792.21540789708,
    74666.08972542649,
    74913.00922361523,
    75044.90134871528,
    75739.35058143485,
    75797.67899200699,
    75297.00919396247,
    75589.10032806055,
    76213.45555656118,
    77361.36237765808,
    77956.91427499668,
    77828.185699857,
    77862.89905005145,
    77498.81630549654,
    77164.03670386429,
    77436.59527540709,
    77362.87288021417,
    77496.71066229149,
    77308.43885337995,
    77128.44334858148,
    77169.64712633878,
    77201.78314338902,
    77315.4096324451,
    77013.53238285403,
    77158.48113774008,
    77152.68049883858,
    77131.3006381946,
    76998.06796704927,
    76755.0998125113,
    76617.80623429554,
    76188.45755869409,
    76072.68979550186,
    76224.9598173141,
    76137.19860160364,
    76251.58670751007,
    76181.98651177097,
    75927.57132288165,
    75864.95221180288,
    75653.54136303878,
    75670.66377392902,
    75757.95160113281,
    75828.32687513834,
    75830.19171188552,
    75728.45681761758,
    75652.21984514158,
    75642.12663561944,
    75558.77945979389,
    75540.50887836353,
    75681.49533537882,
    75569.83917977821,
    75407.80704076507,
    75295.98459973742,
    75244.24719211207,
    75020.97270538584,
    75236.36654292562,
    75599.26577131222,
    75624.6529610848,
    75920.89178630568,
    76024.76202757412,
    75840.65451654213,
    75495.36817299578,
    74800.94102146984,
    74795.1465182244,
    74974.34476516958,
    74689.24400809643,
    74460.14184607656,
    74137.21873636951,
    73856.05501487634,
    74346.05375810764,
    74623.05265769569,
    74458.21813860718,
    74653.54610763465,
    74581.28237935815,
    74277.51462154883,
    74789.56984853405,
    74795.97600729625,
    74741.97729093608,
    75062.12403807922,
    75045.02524645194,
    75179.56431310959,
    75285.69738107114,
    75290.96918392694,
    75004.42275652137,
    75687.721421251,
    75340.28666497084,
    75921.15197965335,
    76437.62877231697,
    76314.88533036472,
    76302.84677235561,
    75970.00268011336,
    75992.70086029985,
    75874.54629352967,
    76085.88237404238,
    75921.29817954023,
    75628.03723799669,
    75728.13586903199,
    75814.67217221636,
    75832.33172653822,
    76008.88286643253,
    76125.0717533993,
    76542.40965523037,
    76367.38771266557,
    76784.39417696862,
    76479.91862901945,
    75992.30702339568,
    75911.10361927166,
    75762.711638902,
    75803.94428247478,
    75861.34549918868,
    75556.47668629252,
    75598.61267682334,
    74995.37782854948,
    75763.05667180788,
    75574.10377442642,
    75629.08968346077,
    76350.25202878818,
    76308.7293299303,
    76322.61641898053,
    77536.75470746626,
    77587.83202645402,
    77478.20552898936,
    78053.63199555837
  ],