{
  "AAPL": [
    296.4200134277344,
    299.239990234375,
    295.95001220703125,
    298.010009765625,
    297.010009765625,
    294.29998779296875,
    293.0799865722656,
    275.1499938964844,
    283.7799987792969,
    281.739990234375
  ],
  "GOOGL": [
    369.3500061035156,
    373.25,
    363.7900085449219,
    368.0299987792969,
    349.67999267578125,
    346.1300048828125,
    345.2900085449219,
    343.7099914550781,
    337.3900146484375,
    353.6499938964844
  ],
  "BTC": [
    63606.56270077006,
    63619.35732609742,
    63585.73091015975,
    63362.43392790553,
    63894.21615280764,
    64062.833768911434,
    63943.04118715367,
    63784.922563789114,
    63725.97689907947,
    63853.1671355726,
    63848.028045326435,
    63934.59027569325,
    64230.359598341056,
    64240.23278038838,
    64217.24097636916,
    64191.186350054384,
    64186.60079332979,
    64362.421773695045,
    64210.079461463036,
    64182.552305195,
    64221.92326540055,
    64127.25467229687,
    63926.36278043242,
    64135.487232232656,
    64279.45257624553,
    64075.9827674072,
    64121.742128811944,
    64040.79854664274,
    64049.07486151821,
    64164.14040212614,
    64073.09375345309,
    64106.015938391814,
    64104.840705353294,
    64143.29569438601,
    63752.068770525155,
    63736.59228664353,
    63730.37118386725,
    63231.86958363731,
    63773.22019447084,
    64510.52230449925,
    64200.788144693484,
    63898.787155602484,
    64016.58324267139,
    64154.72982336872,
    63940.26315995606,
    64134.651134027,
    64087.37042490323,
    64055.179036193535,
    64068.498384986066,
    64594.71350884732,
    65095.257315744195,
    65468.626564180355,
    64888.927469478935,
    64754.92452119641,
    64683.704578473276,
    64556.49952209388,
    64301.39877649407,
    64417.748318432954,
    64365.9175955822,
    64235.021031055294,
    63911.612718239056,
    63957.19561383976,
    64045.666767229544,
    64079.82103359411,
    64144.39979492271,
    63980.98741876507,
    63621.26042010823,
    63313.7269410536,
    62866.90848700344,
    62850.76814022467,
    62311.40037519842,
    62307.34214427159,
    62264.18908247069,
    62451.49737098857,
    62199.8784487437,
    62383.94741826511,
    62457.865612986134,
    62378.52994283749,
    62492.81701127148,
    62300.737372444346,
    62171.87002961892,
    62310.62864515332,
    62385.33941347201,
    62530.759849035516,
    62515.95646051559,
    62651.93474257838,
    62912.97023760417,
    62883.37584853357,
    62583.0454660447,
    62676.59157469255,
    62703.951669706556,
    62802.23166347988,
    62699.01945275507,
    62568.95078726398,
    62716.04032481007,
    62621.29389792389,
    62379.401309585366,
    62815.96886427302,
    62538.57860514398,
    61236.55534272521,
    60985.864493824105,
    60204.220327509334,
    59783.05042276664,
    59297.73643929386,
    59507.187984197044,
    59822.24825588187,
    60882.548735749966,
    61005.378953134474,
    60783.200878396405,
    60990.53863518005,
    60664.90692436006,
    60812.426404174934,
    60629.714711165805,
    60788.38575979891,
    61257.61278932525,
    61534.43462777755,
    61646.00687766538,
    61816.442509036395,
    61606.905269718525,
    61652.90431812403,
    61211.78155908992,
    61185.54992485836,
    61114.65746062846,
    58188.668886715604,
    59419.45155775679,
    59513.72747967234,
    59234.5777533372,
    59534.099860815295,
    59430.91825964714,
    59237.365253537,
    59312.805434743896,
    60111.69113616151,
    59787.08233594131,
    59712.618061582114,
    59589.363566722495,
    59299.072111513124,
    58482.96476980456,
    59836.297717503796,
    59813.84530916572,
    59869.425120800624,
    60237.0568540939,
    60481.35722924747,
    60152.35271713132,
    59633.32449414534,
    59215.19340895525,
    59316.01978220941,
    59181.15371571542,
    60047.79171625427,
    59544.55798790487,
    60234.41217478131,
    59989.84009196498,
    59956.8650670713,
    59548.21995225559,
    59783.392831819365,
    59649.930123311075,
    59858.072565853494,
    59981.17710194979,
    60019.95786697783,
    59964.45026386145,
    59876.12754548514,
    60223.82465168318,
    60209.80787261281,
    60147.077420030015,
    60171.478533144495,
    60274.13576881021,
    60455.26973124937,
    60375.79046546325,
    60335.19971344227,
    60318.79468914347,
    60272.896834644176,
    60318.795624051476,
    60473.74809860174,
    60514.09495299602,
    60726.0944020887,
    60700.46947559311,
    60481.77726989441,
    60456.37514817717,
    60076.97687579784,
    60183.761872484516,
    60109.83787971532,
    60142.21183335991,
    59943.11077412465,
    60094.323390000915,
    60127.42543751148,
    60089.01267259338,
    60118.541800496205,
    60038.87607343662,
    59891.782608466485,
    59920.66782573778,
    60116.601882979696,
    60298.350227957766,
    60185.59725852188,
    60082.00970436492,
    60250.09690682865,
    60209.826283247254,
    59993.62219134955,
    59958.878845995176,
    59795.77601296277,
    59603.99470359071,
    59513.50156723828,
    59524.93799420059,
    59396.89382257217,
    59569.664031856664,
    59314.897022466685,
    58971.23519682808,
    59516.449485815276,
    59536.763045853324,
    59380.65908962489,
    59661.55398160819,
    59923.93226579998,
    59726.33088120169,
    59971.313088808965,
    59998.27530548425,
    59962.77802195896,
    59766.57617949523,
    59964.32556389398,
    60001.17115663765,
    59848.310873191185,
    59879.185745244955,
    59403.21046749944,
    59322.403378063944,
    59737.18874677538,
    59799.44547358118,
    60352.933054072964,
    60185.86090922262,
    60365.99092778629,
    60208.60225938614,
    60402.6398148205,
    60277.64965863437,
    60143.56968976742,
    59763.76807236464,
    59855.17763398167,
    59877.69088980854,
    59538.373932222115,
    59400.63642258716,
    59545.28581974851,
    59488.13160733083,
    59434.561635618695,
    59224.09548556559,
    59278.70670720093,
    59230.62038238824
  ],