{
  "AAPL": [
    315.32000732421875,
    317.30999755859375,
    314.8599853515625,
    327.5,
    333.260009765625,
    333.739990234375,
    326.5899963378906,
    327.739990234375,
    325.8900146484375,
    321.6600036621094
  ],
  "GOOGL": [
    357.17999267578125,
    352.510009765625,
    359.510009765625,
    370.9200134277344,
    354.4599914550781,
    346.7699890136719,
    351.989990234375,
    347.1499938964844,
    342.0899963378906,
    317.69000244140625
  ],
  "BTC": [
    63784.228588189406,
    64210.675948758966,
    64694.415204925426,
    64696.439874549666,
    64584.781606909346,
    64531.44203944014,
    64545.07505954235,
    64519.025752289024,
    64627.64828971589,
    64827.80673508109,
    64983.51907427709,
    64792.86680266079,
    64630.23506459283,
    64458.30869139724,
    64744.45009394039,
    64715.80648590516,
    64879.81627741898,
    64783.19758395306,
    64530.524182337955,
    64716.71055190376,
    64616.81886670284,
    64612.437448741184,
    64686.69008829031,
    65111.93308545047,
    65079.88440645864,
    65335.576804317876,
    65387.62159866124,
    65067.83032281296,
    65010.00907758148,
    64846.32255831918,
    64921.50814886572,
    64934.53379667073,
    64789.01717833582,
    64831.35339546887,
    64717.168891130066,
    64545.16621464793,
    64692.94734170634,
    64607.590602563236,
    64567.10396801394,
    64558.78293880414,
    64869.47791318373,
    64723.389590961306,
    64182.02108745474,
    64079.39435103729,
    64049.4386090511,
    64174.59001587713,
    64204.48226389592,
    63945.50978403995,
    64344.93626245921,
    64498.6005411195,
    64680.84237509046,
    64449.77164733663,
    64037.21798936026,
    64215.01230594131,
    64229.24851396149,
    64084.19634418356,
    64122.72102157659,
    63923.907499119174,
    63792.28742743447,
    63832.03953498378,
    63496.16246760553,
    63445.3159894427,
    63524.34248366589,
    63443.601819222786,
    62785.42339504521,
    62864.421050545345,
    62780.84230106703,
    62841.96736320516,
    62950.34598737204,
    63133.918391769286,
    63266.07291378227,
    63058.534795407286,
    63099.81199700902,
    63133.988948750855,
    63394.666643039374,
    63553.746431086416,
    64019.481206967976,
    64214.46280690094,
    64095.80335122859,
    64090.061099254344,
    64069.77791683965,
    63944.348559784885,
    63904.954014943025,
    63868.736178374245,
    63923.10865317489,
    63923.85709721805,
    63977.59077184214,
    63927.21379097044,
    63922.88070666809,
    63940.42546196371,
    63970.06911990153,
    63958.52305482664,
    63947.240966667276,
    63976.135396909325,
    64028.76894030294,
    64176.7216305466,
    64065.752897134575,
    64087.72124536932,
    64080.70175689081,
    64258.050167853886,
    64438.1962187529,
    64475.039170875134,
    64523.54700498384,
    64650.143577498166,
    64694.949440125245,
    64769.13644793835,
    64795.70382303786,
    64741.96331923643,
    64728.75259336299,
    64796.94679341347,
    64665.03191583571,
    64677.74110835372,
    64685.22156014434,
    64667.0250362148,
    64657.52059343849,
    64666.907888415386,
    64478.896387868444,
    64535.193858915285,
    64420.93665855162,
    64395.7372606245,
    64438.34416403259,
    64551.82546151633,
    64530.81329125877,
    64495.851898628986,
    64507.764089738346,
    64362.75258907467,
    64412.038206422694,
    64488.94201917912,
    64366.93654623212,
    64628.105245044986,
    64670.40117470696,
    64516.54867392114,
    64575.1232294533,
    64787.12879677198,
    64798.492031713264,
    64512.06657755382,
    64079.848524521105,
    63863.59189319958,
    64213.42874977493,
    64003.075543638595,
    64152.84876195758,
    64256.83847030308,
    64925.43876258116,
    64597.58237740202,
    64283.72489397271,
    64356.35915265528,
    65552.03421705609,
    65437.07651339634,
    65540.29187479032,
    65189.166663755714,
    65104.567017052825,
    65315.770081313436,
    65240.7911290319,
    65095.60930514884,
    65184.92144270268,
    65526.632974593434,
    65194.40732020046,
    65372.455527077975,
    65516.68247383258,
    65470.7885127282,
    65705.84258689471,
    65863.05067368706,
    66144.10625273176,
    66176.76995730515,
    66259.96368444791,
    66147.22146767423,
    66290.24577207127,
    66508.46205728622,
    66727.93345004696,
    66803.0023102409,
    66653.6645601238,
    66516.61188074276,
    66175.68149701797,
    66282.65838597127,
    66410.97769455807,
    66357.02409226363,
    66338.34521781663,
    66264.36028989237,
    66520.98164575922,
    66608.6028542205,
    66378.16513308052,
    66273.30427757863,
    66165.6543167303,
    66336.76238504669,
    65940.27454428056,
    65895.48564329921,
    65809.93941023071,
    65940.90781431843,
    65885.38520328223,
    65995.09306174285,
    65966.71458499001,
    65589.33695518678,
    65904.713741556,
    65754.18601259236,
    66006.98530857396,
    66196.17192998689,
    65992.28860844017,
    65865.87837487298,
    65886.78165545003,
    65888.67421297851,
    66030.11262485114,
    66004.18435026078,
    66077.05646514206,
    66029.67860238874,
    65794.55194410743,
    65772.28356313553,
    65626.22165913803,
    65575.31845132985,
    65659.14234800522,
    65744.92147874119,
    65398.208929645494,
    65612.71775530875,
    65610.54474665411,
    65693.05796071362,
    65529.112191747015,
    65113.664574500224,
    64867.53789025435,
    64862.99911001275,
    64914.04659895385,
    64748.26972143978,
    64623.597308365934,
    64821.7238066609,
    64804.78307554462,
    65101.490611626396,
    65109.65311337383,
    65155.994151205734,
    65033.02206215462,
    64937.17882216672,
    65059.43402694941,
    65093.091651691764,
    65393.846477712796,
    65218.00129296385,
    65237.15506519218,
    65512.89547969783,
    65423.637913661376,
    65260.16787357833,
    65070.61232173855,
    64903.30115371774,
    65032.78728397135,
    64730.18213338545,
    64365.05454571424
  ],