{
  "AAPL": [
    313.3900146484375,
    316.2200012207031,
    315.32000732421875,
    317.30999755859375,
    314.8599853515625,
    327.5,
    333.260009765625,
    333.739990234375,
    326.5899963378906,
    328.17010498046875
  ],
  "GOOGL": [
    361.9200134277344,
    358.8900146484375,
    357.17999267578125,
    352.510009765625,
    359.510009765625,
    370.9200134277344,
    354.4599914550781,
    346.7699890136719,
    351.989990234375,
    349.125
  ],
  "BTC": [
    64263.63534810441,
    64279.15675534047,
    64241.07631095752,
    64339.095199074836,
    64303.19087890115,
    64154.8812983746,
    63785.019944129,
    63795.5534612457,
    64083.899429257246,
    64063.16077869598,
    64133.10697088716,
    63940.97636885769,
    63941.1451891897,
    63724.00477666906,
    63849.17710443917,
    63944.78172943581,
    63922.04380563007,
    63837.20446081583,
    63971.89666202366,
    63985.68399412193,
    63985.723272603704,
    64171.54979050959,
    64124.30325557406,
    64126.799872384305,
    64037.39022055867,
    64109.22648415865,
    64196.767261017034,
    64156.76696807561,
    63892.4023151634,
    63861.436067138355,
    63746.44102430586,
    64012.312805316506,
    63421.28198419309,
    63320.631830206046,
    62775.55569582625,
    62670.584741553386,
    62728.009514842604,
    62747.21283925193,
    62968.23419840407,
    63140.68261699306,
    63038.51906996177,
    62828.859662356306,
    62843.21259949802,
    62566.90043706515,
    62252.287442566994,
    62705.622758880134,
    62548.83381235003,
    62212.97915238394,
    61911.944604665034,
    61965.06394311452,
    62205.61148259532,
    62128.654119429666,
    62037.374928324374,
    61848.880649850274,
    62242.25280265039,
    62480.43131648802,
    62468.129310434924,
    62476.08840224786,
    62498.68003814867,
    62668.07073804778,
    62638.25366915974,
    62531.98817446177,
    62483.669806718775,
    62622.78772915974,
    62556.167750696244,
    62746.50658907209,
    62782.167004497256,
    63863.66447397565,
    63763.75834652051,
    64030.29581969912,
    64667.67348549432,
    64694.527139988626,
    64603.153134205146,
    64526.857866917315,
    64571.23671977575,
    64529.333683092475,
    64622.46573949385,
    64829.30613333695,
    64964.47537733807,
    64799.78120879932,
    64621.49815950406,
    64458.85351229568,
    64756.53853844522,
    64697.925034029584,
    64863.53185515286,
    64802.39176939871,
    64513.86940984836,
    64718.69122681473,
    64611.48033537226,
    64602.97517545274,
    64689.14517650815,
    65105.90717129332,
    65025.316225263035,
    65385.066571087504,
    65363.86916232101,
    65022.629170077635,
    65013.32576068389,
    64818.89033998696,
    64935.45056254922,
    64936.59310455513,
    64760.897420345216,
    64831.339476904686,
    64722.05792295125,
    64536.268112361795,
    64722.645248822715,
    64596.193477520756,
    64558.780537079154,
    64554.303637734614,
    64871.038480767944,
    64719.0488353739,
    64181.56274111343,
    64055.41768669783,
    64027.960668675216,
    64158.62712679817,
    64194.158306640886,
    63924.93267766726,
    64313.79466259199,
    64489.139193465395,
    64672.20418186945,
    64462.13455483552,
    63991.15992044683,
    64223.10527429725,
    64206.96433802808,
    64086.90458370706,
    64100.18608121638,
    63920.24771401322,
    63788.92901827884,
    63813.311324734714,
    63491.875859419175,
    63438.30773524038,
    63519.99120924021,
    63437.43210667393,
    62779.34990410963,
    62878.77230697573,
    62799.54516733548,
    62850.987215008485,
    62931.0863880505,
    63118.95500883901,
    63273.0038409182,
    63067.04757185417,
    63044.00920639927,
    63158.83985420875,
    63342.54938041242,
    63544.11271366779,
    64024.6813542696,
    64202.844019797456,
    64110.568818862266,
    64087.80514314703,
    64050.44055831233,
    63933.544566225566,
    63892.11418419678,
    63859.327784372654,
    63928.03203027629,
    63916.37406611505,
    63972.047468052064,
    63917.60888989718,
    63907.37448392188,
    63938.98936051674,
    63968.671348374715,
    63943.94653926048,
    63942.46574247137,
    63968.24845573,
    64017.88853846316,
    64180.60394170041,
    64043.43027380437,
    64078.9657703778,
    64081.1422892656,
    64240.47336849816,
    64436.709378199936,
    64473.87995053514,
    64521.99735526105,
    64657.810507277674,
    64711.70050154946,
    64774.657258280575,
    64793.264461293664,
    64736.84567327744,
    64731.66304128921,
    64787.11901190741,
    64654.5391020645,
    64673.45663799278,
    64688.28278821156,
    64667.82680389474,
    64639.14928247848,
    64658.65315522321,
    64476.480001841344,
    64532.198240978454,
    64417.91264648174,
    64390.811949264025,
    64438.221486756986,
    64534.591782404066,
    64521.65750810657,
    64487.434109205904,
    64526.458711276966,
    64345.97064557577,
    64393.01923985837,
    64454.47532635477,
    64346.592876862014,
    64637.03071055931,
    64679.765085909254,
    64513.76423610927,
    64554.3484001062,
    64784.560887216234,
    64761.433747747404,
    64512.244763510935,
    64084.85497020197,
    63839.01390746501,
    64192.59014540778,
    63966.74279215264,
    64154.23361902511,
    64240.88523842378,
    64951.1022296751,
    64572.566441383584,
    64231.739999253194,
    64305.68117168035,
    65501.33537069545,
    65408.871677004725,
    65526.40266384956,
    65160.099862168834,
    65092.617274004726,
    65310.279191676396,
    65247.05365741625,
    65094.28753603712,
    65199.437784154594,
    65520.65752476115,
    65190.53914864958,
    65379.234145035894,
    65513.82640731365,
    65471.61973654225,
    65682.82252143578,
    65874.14821130804,
    66148.19818360223,
    66173.06645231628,
    66239.61944806101,
    66148.39747758901,
    66275.56302865305,
    66504.71831321891,
    66711.26216376366,
    66825.62571511616,
    66663.69428047756,
    66531.80094114275,
    66444.4081077622
  ],