{
  "AAPL": [
    259.20001220703125,
    258.8299865722656,
    266.42999267578125,
    263.3999938964844,
    270.2300109863281,
    273.04998779296875,
    266.1700134277344,
    273.1700134277344,
    273.42999267578125,
    271.05999755859375
  ],
  "GOOGL": [
    321.30999755859375,
    332.9100036621094,
    337.1199951171875,
    336.0199890136719,
    341.67999267578125,
    337.4200134277344,
    332.2900085449219,
    339.32000732421875,
    338.8900146484375,
    344.3999938964844
  ],
  "BTC": [
    73920.4427234278,
    74112.8124801126,
    74381.43657451161,
    75065.22777479656,
    74848.27826856509,
    74755.67507475952,
    74994.07056275372,
    74810.96914134864,
    74809.92614171893,
    74624.49892113969,
    74960.58296925222,
    74899.68222426217,
    74954.96884562605,
    75046.35475775148,
    74995.01740779368,
    74705.72124858621,
    74680.89837503555,
    74622.01589094764,
    74332.7583953483,
    74556.17981114863,
    74632.85353044435,
    73705.01360985098,
    73938.04397589041,
    74740.25080601992,
    74214.42990809566,
    74273.00358424732,
    75017.42674367223,
    75389.68135904678,
    75240.31590673576,
    74944.91566812144,
    74883.21300083205,
    75149.1930221427,
    74977.75409490333,
    74787.851905865,
    74695.48255658832,
    74649.52985426539,
    74792.21540789708,
    74666.08972542649,
    74913.00922361523,
    75044.90134871528,
    75739.35058143485,
    75797.67899200699,
    75297.00919396247,
    75589.10032806055,
    76213.45555656118,
    77361.36237765808,
    77956.91427499668,
    77828.185699857,
    77862.89905005145,
    77498.81630549654,
    77164.03670386429,
    77436.59527540709,
    77362.87288021417,
    77496.71066229149,
    77308.43885337995,
    77128.44334858148,
    77169.64712633878,
    77201.78314338902,
    77315.4096324451,
    77013.53238285403,
    77158.48113774008,
    77152.68049883858,
    77131.3006381946,
    76998.06796704927,
    76755.0998125113,
    76617.80623429554,
    76188.45755869409,
    76072.68979550186,
    76224.9598173141,
    76137.19860160364,
    76251.58670751007,
    76181.98651177097,
    75927.57132288165,
    75864.95221180288,
    75653.54136303878,
    75670.66377392902,
    75757.95160113281,
    75828.32687513834,
    75830.19171188552,
    75728.45681761758,
    75652.21984514158,
    75642.12663561944,
    75558.77945979389,
    75540.50887836353,
    75681.49533537882,
    75569.83917977821,
    75407.80704076507,
    75295.98459973742,
    75244.24719211207,
    75020.97270538584,
    75236.36654292562,
    75599.26577131222,
    75624.6529610848,
    75920.89178630568,
    76024.76202757412,
    75840.65451654213,
    75495.36817299578,
    74800.94102146984,
    74795.1465182244,
    74974.34476516958,
    74689.24400809643,
    74460.14184607656,
    74137.21873636951,
    73856.05501487634,
    74346.05375810764,
    74623.05265769569,
    74458.21813860718,
    74653.54610763465,
    74581.28237935815,
    74277.51462154883,
    74789.56984853405,
    74795.97600729625,
    74741.97729093608,
    75062.12403807922,
    75045.02524645194,
    75179.56431310959,
    75285.69738107114,
    75290.96918392694,
    75004.42275652137,
    75687.721421251,
    75340.28666497084,
    75921.15197965335,
    76437.62877231697,
    76314.88533036472,
    76302.84677235561,
    75970.00268011336,
    75992.70086029985,
    75874.54629352967,
    76085.88237404238,
    75921.29817954023,
    75628.03723799669,
    75728.13586903199,
    75814.67217221636,
    75832.33172653822,
    76008.88286643253,
    76125.0717533993,
    76542.40965523037,
    76367.38771266557,
    76784.39417696862,
    76479.91862901945,
    75992.30702339568,
    75911.10361927166,
    75762.711638902,
    75803.94428247478,
    75861.34549918868,
    75556.47668629252,
    75598.61267682334,
    74995.37782854948,
    75763.05667180788,
    75574.10377442642,
    75629.08968346077,
    76350.25202878818,
    76308.7293299303,
    76322.61641898053,
    77536.75470746626,
    77587.83202645402,
    77478.20552898936,
    78016.40224612548,
    77988.76554637455,
    78067.63707556471,
    78058.08975780573,
    78024.52473191661,
    78144.37988534916,
    78287.86829838748,
    78273.8966848666,
    78815.99780735128,
    79080.63292286295,
    79321.15968354288,
    78751.70323522005,
    78923.92967916405,
    79026.34137679906,
    78946.3912548935,
    78453.79426420951,
    78791.52632630398,
    78602.89731358779,
    78194.78334884858,
    78406.2930435807,
    78357.18396749758,
    77985.92377137982,
    77745.85432228484,
    77935.74125864716,
    78027.34427996507,
    78224.5180282668,
    78031.99538001728,
    77897.87177343022,
    77638.50183036197,
    77421.70696946804,
    77720.82903527566,
    77689.20240973093,
    77534.60343866517,
    78194.45325685579,
    78400.43360010415,
    78107.69300312691,
    77774.75239415659,
    77788.60996280434,
    77758.18784079723,
    77892.40295122238,
    77960.96780301731,
    78241.97434139495,
    78260.61998045091,
    78385.9994566751,
    78450.36540019314,
    78147.75938482724,
    77747.45626454431,
    77705.47025945061,
    77986.53527373911,
    77820.67157019368,
    77631.4765633673,
    77849.7374088029,
    77541.44001609184,
    77769.18978227278,
    78246.79964995776,
    78191.33520155153,
    78079.14695903476,
    78040.02364193133,
    78047.3380693329,
    77754.58226000571,
    77684.72881988292,
    77597.78722462713,
    77640.62590796669,
    77743.96821879945,
    77598.4707273492,
    77360.7247577714,
    77444.79563692068,
    77462.08912922682,
    77566.91332664572,
    77632.1049866153,
    77659.99727324375,
    77641.01117283583,
    77526.33855221451,
    77546.29139125944,
    77552.43014091096,
    77633.44423479457,
    77756.29359070981,
    77798.77053029239,
    77681.05139222337,
    77572.56576897178,
    77704.47912526024,
    77666.8630936243,
    77369.37427037527,
    77391.1369814936
  ],