{
  "AAPL": [
    260.80999755859375,
    255.75999450683594,
    250.1199951171875,
    252.82000732421875,
    254.22999572753906,
    249.94000244140625,
    248.9600067138672,
    247.99000549316406,
    251.49000549316406,
    251.63999938964844,
    251.63999938964844
  ],
  "GOOGL": [
    308.70001220703125,
    303.54998779296875,
    302.2799987792969,
    305.55999755859375,
    310.9200134277344,
    307.69000244140625,
    307.1300048828125,
    301,
    302.05999755859375,
    290.44000244140625,
    290.44000244140625
  ],
  "BTC": [
    71849.26834156351,
    71616.49549145128,
    71557.56740824718,
    71609.51482757785,
    71491.25288274372,
    71430.56399292653,
    71831.06725444554,
    71389.64804785485,
    71557.0448250269,
    71760.88018765219,
    72080.43829377418,
    72783.28669635301,
    72799.1789981442,
    72560.01961161768,
    72753.6500288425,
    72565.34143373226,
    73658.22913876995,
    73861.95608107506,
    74157.34241148319,
    73765.32077429206,
    73485.98723788554,
    73138.3743773866,
    73259.31973150831,
    73734.91279332073,
    73565.81170904198,
    73843.3241538607,
    74019.4070913728,
    73446.1842039846,
    73263.87882074014,
    73764.83336285164,
    73954.17488339139,
    73957.40834188467,
    73958.31193466885,
    74225.21989199621,
    74438.82965717503,
    74717.3894011731,
    74858.14870100339,
    75173.14226779129,
    75632.41015615774,
    75197.44389538407,
    74426.47726466598,
    74279.50516740244,
    74004.71341039937,
    74080.28999363363,
    74251.47017440872,
    74187.08468542341,
    73931.42869131609,
    73727.01590319516,
    74049.99025292388,
    73716.49902404359,
    73664.92688506791,
    74372.31505154063,
    73938.45954892249,
    74139.84966600154,
    74522.97781759078,
    74686.02993457245,
    74511.43757475897,
    74556.97200158171,
    74690.90770773192,
    74313.11694423317,
    73926.27899152413,
    73854.96886976,
    74092.38831657296,
    74358.62022555566,
    74494.67471958217,
    74179.81973580908,
    73946.73033688653,
    73961.87566925112,
    73890.21271622225,
    74036.09311491044,
    74163.78094501335,
    73939.52246684712,
    72953.72917602796,
    72387.28689365885,
    72067.40252497199,
    71297.85643495581,
    71518.80469283315,
    71328.61409583432,
    71626.30657689057,
    71026.62449466846,
    71074.61890935857,
    71238.10852868533,
    71292.59033537445,
    71136.52376150078,
    71256.65956041873,
    70995.49208200075,
    71140.22164960648,
    71052.20965877775,
    71225.15940712935,
    70844.73985109958,
    70830.7659487663,
    70551.5551160704,
    70212.66707442794,
    69971.39660037315,
    70492.22671693734,
    70125.92304238673,
    69934.93151927635,
    69298.87894108835,
    69891.65869108934,
    69550.63011862883,
    69454.08947590156,
    69446.04133014526,
    69849.44114340031,
    69818.76001818525,
    70284.79229992839,
    70491.5688120522,
    70472.29443555106,
    70147.45290782927,
    69912.32846307463,
    70219.72096303198,
    70426.94072356535,
    70435.78664589739,
    70741.66407362273,
    70772.03118023534,
    70574.84559253055,
    70485.67832017319,
    70852.16480880113,
    71037.67359152887,
    70559.11237019852,
    70593.94372748287,
    70454.22833072978,
    70314.35277681354,
    69863.08791396998,
    69739.70808468577,
    69824.36946411383,
    69848.23738975245,
    69922.80531197492,
    69731.46429879949,
    70138.7419088915,
    70036.79676847711,
    70525.66120992822,
    70781.08357698002,
    70511.00634700106,
    70683.13082950574,
    70476.00823266465,
    70717.09908340046,
    70681.3117368,
    70633.26137500843,
    70715.81221084928,
    70743.5837097416,
    70690.39129587835,
    70582.04532292718,
    70643.73195218536,
    70586.03151380002,
    70635.87177138265,
    70705.52326221105,
    70722.73585326485,
    70590.52579726202,
    70642.8192357941,
    70287.02223502546,
    70312.70512781104,
    70407.76826144295,
    70377.09842445592,
    70447.53457913788,
    70340.289645773,
    70292.26388186325,
    68412.67504146349,
    68897.26755616778,
    68943.09325322721,
    69304.79718965513,
    69329.99728279315,
    69320.00160322535,
    69141.59971807108,
    69146.84716615826,
    68908.16957877796,
    68795.5505642291,
    68817.53435389008,
    68653.9970738177,
    68211.08116857347,
    68651.18982923409,
    68722.96325302527,
    68698.62007881168,
    68821.70886419388,
    68813.30024858509,
    68704.73553817421,
    68572.35892748222,
    68181.20471380129,
    68179.84748181398,
    67836.00655868028,
    68296.86295861873,
    67848.87605821833,
    67684.18004265723,
    67914.62164219593,
    68291.62334548199,
    68061.75633105007,
    68505.55527490156,
    68856.33114252616,
    67813.61163802224,
    68302.02880878812,
    68433.41999646043,
    68248.65909045594,
    68533.56691669108,
    70090.85625395848,
    70658.89681764365,
    71413.47363715255,
    71453.46560478497,
    70123.74223304595,
    70539.95075755077,
    71069.34533324269,
    71049.75201776822,
    70673.84328686942,
    70898.50990542116,
    70871.49537193075,
    70754.11294097341,
    70892.82823994374,
    70691.20963441042,
    70497.783796673,
    70429.82090509095,
    70505.5355628202,
    70367.86749397316,
    70252.45308411747,
    70502.13562095199,
    71285.55416417253,
    70926.05228348031,
    71299.66799821133,
    71237.84222578786,
    71110.07805777165,
    70930.59887301897,
    70039.64380544117,
    69903.3681889646,
    69872.59897269034,
    69442.96978741302,
    69179.35721667454,
    69417.88017389276,
    69296.70386159363,
    70036.29129693768,
    70259.23587427003,
    70327.56965564,
    70524.51175942823,
    70847.88845384026,
    70709.04546672574,
    70485.95261570862,
    70696.82035952818,
    70916.77984389212,
    71082.75166729843,
    71012.75095282859,
    70899.66539633296,
    71240.60340405164,
    71326.31988743633,
    71494.83039503878,
    71630.45966926713
  ],