{
  "AAPL": [
    308.6300048828125,
    312.6600036621094,
    310.6600036621094,
    313.3900146484375,
    316.2200012207031,
    315.32000732421875,
    317.30999755859375,
    314.8599853515625,
    327.5,
    333.260009765625
  ],
  "GOOGL": [
    359.9100036621094,
    366.4599914550781,
    367.0299987792969,
    361.9200134277344,
    358.8900146484375,
    357.17999267578125,
    352.510009765625,
    359.510009765625,
    370.9200134277344,
    354.4599914550781
  ],
  "BTC": [
    63275.803446682585,
    63124.7255654564,
    63055.22636161977,
    63093.52474767431,
    63295.03276766405,
    63043.643597929586,
    63067.49655854592,
    63191.92703981319,
    63202.42235299024,
    63338.135433245836,
    63407.301844394664,
    63000.05499932012,
    63507.95601078837,
    63865.49136103849,
    63942.09671686718,
    64134.38775357911,
    63658.43220461216,
    63766.30289430432,
    63641.221279416444,
    63372.597940312146,
    63505.74328204638,
    63287.204623191705,
    63573.84506209216,
    63001.391652521525,
    62932.52174162355,
    62716.95149636293,
    62735.112422890656,
    62583.96837804984,
    62600.141430180454,
    62825.39569794576,
    61984.20323442917,
    62014.74797212771,
    62091.43336056865,
    62246.096425569114,
    61932.05086676209,
    61831.22745667842,
    61842.84560816078,
    61641.213975719205,
    62054.78429083154,
    62048.00605643022,
    62123.72638065353,
    62195.710556983504,
    62056.45927908783,
    62144.73025971306,
    62267.37381989537,
    62252.63748967275,
    62057.24234087997,
    61855.58077868091,
    61740.75242165106,
    61931.83568226704,
    62388.799997011505,
    62513.2301450384,
    62820.149627589315,
    62947.80102698248,
    62836.64826003586,
    62892.293535390665,
    62712.089962465136,
    62726.73097400199,
    62570.820826883464,
    62968.05424026797,
    62947.935198366315,
    62819.43817638452,
    62652.276781562185,
    63076.73003282413,
    63158.21618374233,
    63202.575673133855,
    63255.281135642144,
    63233.95531837552,
    63178.828901258355,
    63201.08806990343,
    63045.18746663233,
    63681.16647688241,
    63919.6728866854,
    63881.11532044424,
    64004.05069425178,
    64060.62365144604,
    63807.168886962325,
    63950.301083552404,
    64212.07079433152,
    64344.57686298755,
    64369.17004777795,
    64360.08798509396,
    64246.64072845215,
    64442.51730042664,
    63879.560460151944,
    63961.53854038046,
    64119.29884229157,
    63799.59845515737,
    63756.88286384032,
    63880.81340092693,
    63800.85162223474,
    63955.87380446337,
    64065.46308731039,
    64118.700579107266,
    64090.985162830504,
    63983.96626764876,
    64115.522860571924,
    64115.37631038539,
    64086.92184183047,
    64125.93552085215,
    64167.142957502365,
    64110.967829055204,
    64209.99503621056,
    64104.14383795518,
    64117.181131837984,
    64142.03562105326,
    64135.07789561458,
    64188.71487099244,
    64311.1039631105,
    64110.189634873896,
    64128.165827774385,
    64263.63534810441,
    64279.15675534047,
    64241.07631095752,
    64339.095199074836,
    64303.19087890115,
    64154.8812983746,
    63785.019944129,
    63795.5534612457,
    64083.899429257246,
    64063.16077869598,
    64133.10697088716,
    63940.97636885769,
    63941.1451891897,
    63724.00477666906,
    63849.17710443917,
    63944.78172943581,
    63922.04380563007,
    63837.20446081583,
    63971.89666202366,
    63985.68399412193,
    63985.723272603704,
    64171.54979050959,
    64124.30325557406,
    64126.799872384305,
    64037.39022055867,
    64109.22648415865,
    64196.767261017034,
    64156.76696807561,
    63892.4023151634,
    63861.436067138355,
    63746.44102430586,
    64012.312805316506,
    63421.28198419309,
    63320.631830206046,
    62775.55569582625,
    62670.584741553386,
    62728.009514842604,
    62747.21283925193,
    62968.23419840407,
    63140.68261699306,
    63038.51906996177,
    62828.859662356306,
    62843.21259949802,
    62566.90043706515,
    62252.287442566994,
    62705.622758880134,
    62548.83381235003,
    62212.97915238394,
    61911.944604665034,
    61965.06394311452,
    62205.61148259532,
    62128.654119429666,
    62037.374928324374,
    61848.880649850274,
    62242.25280265039,
    62480.43131648802,
    62468.129310434924,
    62476.08840224786,
    62498.68003814867,
    62668.07073804778,
    62638.25366915974,
    62531.98817446177,
    62483.669806718775,
    62622.78772915974,
    62556.167750696244,
    62746.50658907209,
    62782.167004497256,
    63863.66447397565,
    63763.75834652051,
    64030.29581969912,
    64667.67348549432,
    64694.527139988626,
    64603.153134205146,
    64526.857866917315,
    64571.23671977575,
    64529.333683092475,
    64622.46573949385,
    64829.30613333695,
    64964.47537733807,
    64799.78120879932,
    64621.49815950406,
    64458.85351229568,
    64756.53853844522,
    64697.925034029584,
    64863.53185515286,
    64802.39176939871,
    64513.86940984836,
    64718.69122681473,
    64611.48033537226,
    64602.97517545274,
    64689.14517650815,
    65105.90717129332,
    65025.316225263035,
    65385.066571087504,
    65363.86916232101,
    65022.629170077635,
    65013.32576068389,
    64818.89033998696,
    64935.45056254922,
    64936.59310455513,
    64760.897420345216,
    64831.339476904686,
    64722.05792295125,
    64536.268112361795,
    64722.645248822715,
    64596.193477520756,
    64558.780537079154,
    64554.303637734614,
    64871.038480767944,
    64719.0488353739,
    64181.56274111343,
    64055.41768669783,
    64027.960668675216,
    64158.62712679817,
    64194.158306640886,
    63924.93267766726,
    64313.79466259199,
    64489.139193465395,
    64672.20418186945,
    64462.13455483552,
    63991.15992044683,
    64223.10527429725,
    64206.96433802808,
    64086.90458370706,
    64100.18608121638,
    63920.24771401322,
    63788.92901827884,
    63813.311324734714,
    63491.875859419175,
    63558.70272150084
  ],