{
  "AAPL": [
    251.49000549316406,
    251.63999938964844,
    252.6199951171875,
    252.88999938964844,
    248.8000030517578,
    246.6300048828125,
    253.7899932861328,
    255.6300048828125,
    255.9199981689453,
    258.8599853515625
  ],
  "GOOGL": [
    302.05999755859375,
    290.44000244140625,
    290.92999267578125,
    280.9200134277344,
    274.3399963378906,
    273.5,
    287.55999755859375,
    297.3900146484375,
    295.7699890136719,
    299.989990234375
  ],
  "BTC": [
    65978.7624110396,
    66021.45792444395,
    65981.97377183192,
    66327.66737271791,
    66382.83249898783,
    66067.46482722324,
    65995.96577262062,
    66167.61183329132,
    66189.65590146254,
    66307.09909195548,
    66363.77341122921,
    66516.27378317354,
    66350.41976637962,
    66263.63211704824,
    66178.92986536778,
    66303.92808472476,
    66415.83889333812,
    66770.2554659786,
    66707.15373392777,
    66946.6353317456,
    66874.77753331588,
    66803.07998327093,
    66879.95377021199,
    66851.141718053,
    66894.75795554336,
    66645.1518328983,
    66694.139781946,
    66321.06539994745,
    66412.9505268756,
    66521.48936569078,
    66735.3884387065,
    66860.30574313855,
    66683.71289085437,
    66741.21981768549,
    66688.62043170675,
    66630.82888015691,
    66674.97448070651,
    66581.35073321467,
    66469.4796184686,
    66774.32162975357,
    66794.30316085815,
    66517.1597689279,
    66517.29275887285,
    66466.44058378502,
    66444.45410400286,
    66331.62463090713,
    66375.06666880092,
    66284.482768732,
    66546.10792505798,
    66674.76525877648,
    65813.3236524164,
    65970.42899513361,
    66252.8557606698,
    66578.9309952134,
    67070.37991749584,
    67111.63131687373,
    67548.59321993159,
    67461.9195301119,
    67274.14216754284,
    67516.1458614326,
    67616.6140366827,
    67448.61317843373,
    67434.17090680324,
    67590.41657666316,
    67850.83361908437,
    67454.49103166346,
    67732.65929264908,
    67565.83141885296,
    67262.04727463868,
    66753.13370588605,
    66555.3785781471,
    66432.346364874,
    66587.99024414114,
    66757.19246041842,
    66734.19561943135,
    66699.27436893585,
    67091.7699360093,
    67930.29873609915,
    67945.39135718174,
    67646.52741376395,
    67488.81448012279,
    67618.1466100619,
    67449.74316002423,
    67299.23356164555,
    66756.23307911558,
    66037.9769355128,
    66302.74182544308,
    66620.01251485397,
    66608.17879412256,
    67163.45267766963,
    66558.38670829509,
    66698.35856220762,
    67542.07857770176,
    67395.06167693074,
    67721.57727071697,
    67762.72263907967,
    68136.90158842586,
    68196.60422235407,
    68146.94856232416,
    68231.32977209098,
    68223.70211409187,
    67741.61626889415,
    67581.86166020094,
    68067.62035882538,
    68224.37632532336,
    68401.93752431103,
    69101.02455101817,
    68646.2153927601,
    68680.0015059391,
    68626.63130937202,
    68508.40129805205,
    68680.84374401876,
    68343.56225372679,
    68151.20863221223,
    68576.84472219975,
    68912.84268211982,
    68799.77917560302,
    68240.24706711619,
    68023.58605482857,
    68154.86398435834,
    68175.95391085128,
    68391.24257663927,
    68114.03006381732,
    68089.0553821667,
    68603.81518600573,
    67340.65566741725,
    66883.83605935876,
    66575.77213344672,
    66321.04797309662,
    66602.8413160976,
    66656.94078042037,
    66909.34933451931,
    66449.57544171493,
    66435.38009063744,
    66446.2507697172,
    66211.97878883997,
    66045.87831151168,
    66188.87154071992,
    66909.19266878879,
    66795.72084034089,
    67115.41516763417,
    66685.7541320896,
    66968.16740110016,
    67007.8370561365,
    66936.7766889142,
    66913.35635201377,
    67019.98617750364,
    66891.6645686824,
    66766.83378026339,
    66598.5292617686,
    66486.53838422897,
    66592.5837886582,
    66622.1301266791,
    66565.35592404183,
    66774.72967202778,
    67029.59211299967,
    66960.01542488545,
    66849.26901001042,
    66880.5203155653,
    66995.15627559036,
    66748.11979266288,
    66660.11042612021,
    66955.22348841895,
    66852.90061614981,
    66999.82831564221,
    66854.37823021295,
    66806.59346136711,
    66857.44858264831,
    66834.11292973414,
    66933.25990570891,
    66894.47014206758,
    66939.69121715311,
    66879.65637400307,
    66872.1583176364,
    66842.73653470511,
    66849.63302499072,
    66898.68182804435,
    66949.93585862593,
    66959.8290597061,
    66956.39329306711,
    66969.68382838744,
    67055.68033246692,
    67148.53813215913,
    67118.41754617015,
    67091.65190730197,
    67202.57710061049,
    67161.09858028076,
    67358.32039965459,
    67433.23263448066,
    67337.99609944993,
    67286.25215676849,
    67280.01729605702,
    67253.3977870876,
    67354.82243829477,
    67387.66168189244,
    67305.53270568071,
    67194.73102381348,
    67097.64999707985,
    67159.48840990113,
    67116.68074067455,
    67088.16878284267,
    66898.91046104902,
    66834.55616852113,
    66795.06711340805,
    66909.58641953235,
    67013.36757024149,
    67035.71402873952,
    66983.49768825137,
    66767.0131421243,
    66876.89335408386,
    66905.41123953745,
    67283.50017521076,
    67187.35275626543,
    67332.04972364994,
    67359.54022197741,
    67312.40029436244,
    67618.85865651761,
    67524.98600017147,
    68319.43753253935,
    68985.52642694542,
    69083.92977430127,
    68800.40695728877,
    69227.82786574122,
    69064.09289025438,
    69116.69442689166,
    69171.24699553306,
    68966.1397153888,
    69085.18372122863,
    69233.4136963385,
    69734.14395438247,
    69729.51473053802,
    69600.5179200479,
    69352.92735076058,
    69373.69205341725,
    69667.13541738002,
    69929.83872890126,
    69841.20001007705,
    69564.81342982552,
    69878.68104808578,
    69717.8937360636,
    69944.36169575992
  ],