{
  "AAPL": [
    301.5400085449219,
    290.54998779296875,
    291.5799865722656,
    295.6300048828125,
    291.1300048828125,
    296.4200134277344,
    299.239990234375,
    295.95001220703125,
    298.010009765625,
    300.2662048339844
  ],
  "GOOGL": [
    363.30999755859375,
    364.260009765625,
    356.3800048828125,
    357.7699890136719,
    359.67999267578125,
    369.3500061035156,
    373.25,
    363.7900085449219,
    368.0299987792969,
    345.8550109863281
  ],
  "BTC": [
    63917.73346484142,
    63811.24925829858,
    63677.0960776868,
    63582.806131574594,
    63427.61776228317,
    63453.028203198715,
    63474.25336205742,
    63532.49559512626,
    63597.02203692289,
    63775.20757588661,
    63608.14534923633,
    63505.788873048805,
    63487.16345110324,
    63513.93729161154,
    63694.29154869962,
    63781.418199130865,
    63779.54391634056,
    63717.365517844344,
    63796.66628118353,
    63926.68507690926,
    64126.18861050401,
    64060.27402849239,
    64184.39547780278,
    64270.750199011265,
    63964.556061772084,
    63944.08714863861,
    64115.78119423838,
    64278.03702009804,
    64246.54794773648,
    64449.72820590796,
    64437.99982792179,
    64415.22089619007,
    64514.75328561332,
    64561.23046799117,
    64472.06685587077,
    64510.53014880548,
    64353.64117555976,
    64331.793700305214,
    64253.568988831044,
    64397.3738759612,
    64425.782631157344,
    64574.26111468874,
    64492.72780715823,
    64524.82045656817,
    64294.67183468997,
    64287.823273260045,
    63922.43468259581,
    64006.579338015246,
    63917.72656499487,
    63691.244044291685,
    63774.73223241228,
    63759.51013798688,
    63987.738180436216,
    65311.25348726413,
    65347.35215463668,
    65713.6235604093,
    65593.97025078039,
    65460.46466949333,
    65412.919906986936,
    65874.8516420869,
    65624.31317183514,
    65811.95187227325,
    65789.45846041392,
    65620.13052244934,
    65647.1556706323,
    65547.09575903144,
    65859.39810736204,
    66176.6769963115,
    66529.06791842816,
    66428.78654700873,
    66586.24781846616,
    67203.74322201993,
    67153.08380931441,
    66828.6012908173,
    66769.46335691397,
    66550.76685016969,
    66491.03224606764,
    66344.9252660968,
    66179.29479665706,
    66300.03552398227,
    66234.34991001834,
    66304.20148317334,
    65679.58893459836,
    66107.3904460563,
    65832.02266577541,
    66041.37651002446,
    66420.43661274928,
    66330.87359644237,
    66894.71556610646,
    66478.07109056243,
    66456.89263167174,
    66415.61928528006,
    66378.38209679187,
    66044.09472728668,
    65615.21176154546,
    65856.94616022993,
    65724.78187447831,
    65887.3354905345,
    65792.27027664907,
    65562.40822818082,
    65791.43457939313,
    65712.0073438524,
    65716.96186335573,
    65606.96732060197,
    65697.03531324727,
    65872.4798591013,
    65846.91715363193,
    65750.37281615617,
    65841.73204515975,
    65771.89595947663,
    65555.14979706943,
    65469.460950432134,
    64890.84924045815,
    64822.102006656045,
    64724.80750993822,
    64774.91599569361,
    64967.98785803342,
    65219.99577953564,
    65065.51501590257,
    65672.10190013683,
    65834.73375345417,
    65994.5858308102,
    65446.44021870849,
    64181.05545225444,
    64356.15614101028,
    64204.80170033092,
    64280.19828331087,
    64422.57366477588,
    64415.3448923168,
    64498.0596375187,
    64648.40575953906,
    64231.04408260966,
    63883.22849894649,
    63928.438252364365,
    64040.80792898535,
    64426.68374055879,
    64351.66443233458,
    64156.527564594006,
    64060.324493329135,
    63915.19857732089,
    64309.78028980231,
    63854.8919952108,
    63773.94493559738,
    62303.962298981154,
    62623.496621262675,
    62504.71283524252,
    62612.25853715704,
    62910.5015748242,
    63029.59478538174,
    62923.544491029694,
    62822.605621537536,
    62900.22709317204,
    62929.92898531401,
    62964.79135675775,
    62942.36428294927,
    62719.4992006861,
    62384.21561780186,
    62673.439793011086,
    62850.70648920113,
    62557.954778312,
    62524.43579013089,
    62348.91122269732,
    62487.998579343024,
    62577.202538005855,
    62729.45075831364,
    63175.98074164291,
    63148.3861884272,
    63159.432954581534,
    62934.94732450514,
    63148.481990645334,
    63042.82637725984,
    62959.09109524105,
    63195.2284343016,
    63012.32825754403,
    63266.15709765246,
    63513.65867862926,
    63496.158339193826,
    63510.90036668932,
    63304.890670990404,
    63379.40256078363,
    63502.82002490304,
    63616.95037618205,
    63681.380836533914,
    63621.05910459087,
    63351.08268255933,
    63679.2308895568,
    63606.56270077006,
    63619.35732609742,
    63585.73091015975,
    63362.43392790553,
    63894.21615280764,
    64062.833768911434,
    63943.04118715367,
    63784.922563789114,
    63725.97689907947,
    63853.1671355726,
    63848.028045326435,
    63934.59027569325,
    64230.359598341056,
    64240.23278038838,
    64217.24097636916,
    64191.186350054384,
    64186.60079332979,
    64362.421773695045,
    64210.079461463036,
    64182.552305195,
    64221.92326540055,
    64127.25467229687,
    63926.36278043242,
    64135.487232232656,
    64279.45257624553,
    64075.9827674072,
    64121.742128811944,
    64040.79854664274,
    64049.07486151821,
    64164.14040212614,
    64073.09375345309,
    64106.015938391814,
    64104.840705353294,
    64143.29569438601,
    63752.068770525155,
    63736.59228664353,
    63730.37118386725,
    63231.86958363731,
    63773.22019447084,
    64510.52230449925,
    64200.788144693484,
    63898.787155602484,
    64016.58324267139,
    64154.72982336872,
    63940.26315995606,
    64134.651134027,
    64087.37042490323,
    64055.179036193535,
    64068.498384986066,
    64594.71350884732,
    65095.257315744195,
    65468.626564180355,
    64888.927469478935,
    64754.92452119641,
    64531.95989771058
  ],