{
  "AAPL": [
    293.32000732421875,
    292.67999267578125,
    294.79998779296875,
    298.8699951171875,
    298.2099914550781,
    300.2300109863281,
    297.8399963378906,
    298.9700012207031,
    302.25,
    304.8399963378906
  ],
  "GOOGL": [
    400.79998779296875,
    388.6400146484375,
    387.3500061035156,
    402.6199951171875,
    401.07000732421875,
    396.7799987792969,
    396.94000244140625,
    387.6600036621094,
    388.9100036621094,
    392.04998779296875
  ],
  "BTC": [
    81900.99041225105,
    81876.99123747677,
    81939.13911645801,
    81795.30398041235,
    81811.90192971023,
    81823.28617527579,
    81725.20771701908,
    81530.92615591706,
    81170.30460840944,
    81222.304124304,
    81026.2679937985,
    81199.57392751012,
    81229.06269424419,
    81010.85603635802,
    80862.23210418917,
    80837.67211840981,
    80791.43564091134,
    80632.79138688132,
    80745.79929009557,
    80845.76358282797,
    80485.01831309334,
    80496.58046316024,
    80336.59109533313,
    79962.92388446922,
    80487.83277814712,
    80679.53997173761,
    80788.26866585051,
    80675.66918067574,
    80557.61091059956,
    80652.28434539585,
    80480.88600120835,
    80691.23503359752,
    80986.08973138953,
    81023.16665948738,
    81195.70925003936,
    81206.64457454227,
    80991.70388721126,
    80954.3346205502,
    80976.2602877737,
    81150.00352652717,
    81234.86412675556,
    80794.70352168809,
    80484.93652001802,
    80172.12834472199,
    79611.24439222651,
    79694.94565363339,
    78827.54792181139,
    79083.71529336565,
    79469.1336535052,
    79611.13033898249,
    79563.36017130932,
    79664.0059203044,
    79371.06007842836,
    79401.91331959852,
    79277.8045183824,
    79571.06259655117,
    79556.9768049897,
    79326.79558356298,
    78973.18631712155,
    79398.19210185793,
    79785.00644936842,
    79790.68604436822,
    79766.37977146132,
    79786.22165732547,
    79601.9534672012,
    79545.68685406531,
    79264.05774143318,
    79726.24351022104,
    79810.89690179186,
    80920.39660281195,
    81293.32833629358,
    81594.45896822178,
    81700.16059140985,
    81590.6148904032,
    81386.90364619115,
    81368.81927128704,
    81381.94694404372,
    81418.22020889683,
    81051.9828878728,
    81487.62279226341,
    81145.39406037347,
    81285.34355768772,
    81055.27674142539,
    80770.59490895896,
    80325.3288090536,
    80557.777154733,
    80796.51952614383,
    80618.72075688612,
    80436.75045952036,
    80706.63243655507,
    80606.09448486914,
    80353.73089436247,
    78742.81197902776,
    79207.6625868325,
    79140.59603088169,
    79227.9952205075,
    79414.04836193676,
    79233.92614210196,
    79121.1795650801,
    79074.4828476354,
    78960.85304787316,
    79067.66378149157,
    79071.54026748115,
    79045.98956499087,
    79124.94324558716,
    79056.41601316098,
    79057.8193456096,
    78983.27028455223,
    78943.79036564812,
    78600.90413421272,
    78335.77889292447,
    78381.03314710695,
    78054.51070754218,
    77912.5167834028,
    78051.93728239798,
    77982.28628828519,
    77959.3752388931,
    78093.091820838,
    78202.9161974475,
    78138.05831742722,
    78180.62622289089,
    78198.39614142905,
    78216.81663750052,
    78225.72888066393,
    78257.2390768038,
    78156.22546207823,
    78135.00994863857,
    77882.3262379739,
    77727.76142928877,
    77869.83067879325,
    77979.88187175932,
    78124.20569826697,
    78087.48797937523,
    78065.68623550446,
    78136.11266346957,
    78051.86481993174,
    78233.19909920012,
    78400.27916520913,
    78368.61791250898,
    78329.31987604302,
    78180.52204950555,
    78020.49492571769,
    78011.09225884621,
    78012.92029538131,
    78035.74701606306,
    78195.87344032283,
    78357.07027478493,
    78253.23742415351,
    78381.76639133113,
    77927.94321509842,
    77432.49532158482,
    77113.76999246645,
    77081.14895044707,
    76766.43250777687,
    76902.39831358608,
    76993.05426448864,
    76859.74311691838,
    76873.53211450647,
    77012.12004935036,
    76981.44715886422,
    76885.21648367132,
    76755.92727194424,
    77247.08712150832,
    77580.45788279633,
    76900.22553573406,
    76310.83487159385,
    76379.69769204907,
    76378.03245877317,
    76644.85000183797,
    76201.13499806737,
    76826.81155248074,
    76875.459595518,
    77059.8254962274,
    76995.11844336234,
    76952.2148594993,
    77115.67918508459,
    76662.75223604184,
    76561.75331627803,
    76711.84159629511,
    76853.63688528951,
    76866.66226018792,
    76972.81195472868,
    77163.06667781518,
    77016.71228883085,
    76761.03496632191,
    76990.21123393172,
    76669.24774787932,
    76895.93036006749,
    76817.60520358298,
    76303.16796769164,
    76435.07593855551,
    76836.20168129544,
    76764.16350432558,
    76748.12847316008,
    76749.63496080026,
    76964.22931200596,
    76941.07168562195,
    76657.70732989699,
    76752.95255055482,
    76694.16347867198,
    76752.76732486086,
    76618.8095608257,
    76660.10858790681,
    76695.07866034079,
    77109.62949335223,
    77317.86766032185,
    77197.76872528357,
    77374.81435710962,
    77391.89964897318,
    77440.4028944954,
    77317.01140638636,
    77555.78541024856,
    77095.28238178822,
    77426.2854889925,
    77358.58731311708,
    77216.24695993384,
    77488.3621133274,
    77341.85466299231,
    77612.83593302881,
    77653.42041764109,
    77459.82621158756,
    77407.41652229207,
    77459.94434557436,
    77897.99240796451,
    77787.12067906969,
    77906.15965477488,
    77998.92449437483,
    77955.18081303046,
    77708.75711657645,
    77538.08178221434,
    77801.70532719645,
    77854.86524874257,
    77590.61012107838,
    77160.08546103875,
    77129.2183062369,
    77220.3436162166,
    77004.92262840022,
    76923.31167878033,
    77180.16667552038,
    77091.57107294537,
    77924.46791507294
  ],