{
  "AAPL": [
    291.1300048828125,
    296.4200134277344,
    299.239990234375,
    295.95001220703125,
    298.010009765625,
    297.010009765625,
    294.29998779296875,
    293.0799865722656,
    275.1499938964844,
    283.7799987792969
  ],
  "GOOGL": [
    359.67999267578125,
    369.3500061035156,
    373.25,
    363.7900085449219,
    368.0299987792969,
    349.67999267578125,
    346.1300048828125,
    345.2900085449219,
    343.7099914550781,
    337.3900146484375
  ],
  "BTC": [
    64648.40575953906,
    64231.04408260966,
    63883.22849894649,
    63928.438252364365,
    64040.80792898535,
    64426.68374055879,
    64351.66443233458,
    64156.527564594006,
    64060.324493329135,
    63915.19857732089,
    64309.78028980231,
    63854.8919952108,
    63773.94493559738,
    62303.962298981154,
    62623.496621262675,
    62504.71283524252,
    62612.25853715704,
    62910.5015748242,
    63029.59478538174,
    62923.544491029694,
    62822.605621537536,
    62900.22709317204,
    62929.92898531401,
    62964.79135675775,
    62942.36428294927,
    62719.4992006861,
    62384.21561780186,
    62673.439793011086,
    62850.70648920113,
    62557.954778312,
    62524.43579013089,
    62348.91122269732,
    62487.998579343024,
    62577.202538005855,
    62729.45075831364,
    63175.98074164291,
    63148.3861884272,
    63159.432954581534,
    62934.94732450514,
    63148.481990645334,
    63042.82637725984,
    62959.09109524105,
    63195.2284343016,
    63012.32825754403,
    63266.15709765246,
    63513.65867862926,
    63496.158339193826,
    63510.90036668932,
    63304.890670990404,
    63379.40256078363,
    63502.82002490304,
    63616.95037618205,
    63681.380836533914,
    63621.05910459087,
    63351.08268255933,
    63679.2308895568,
    63606.56270077006,
    63619.35732609742,
    63585.73091015975,
    63362.43392790553,
    63894.21615280764,
    64062.833768911434,
    63943.04118715367,
    63784.922563789114,
    63725.97689907947,
    63853.1671355726,
    63848.028045326435,
    63934.59027569325,
    64230.359598341056,
    64240.23278038838,
    64217.24097636916,
    64191.186350054384,
    64186.60079332979,
    64362.421773695045,
    64210.079461463036,
    64182.552305195,
    64221.92326540055,
    64127.25467229687,
    63926.36278043242,
    64135.487232232656,
    64279.45257624553,
    64075.9827674072,
    64121.742128811944,
    64040.79854664274,
    64049.07486151821,
    64164.14040212614,
    64073.09375345309,
    64106.015938391814,
    64104.840705353294,
    64143.29569438601,
    63752.068770525155,
    63736.59228664353,
    63730.37118386725,
    63231.86958363731,
    63773.22019447084,
    64510.52230449925,
    64200.788144693484,
    63898.787155602484,
    64016.58324267139,
    64154.72982336872,
    63940.26315995606,
    64134.651134027,
    64087.37042490323,
    64055.179036193535,
    64068.498384986066,
    64594.71350884732,
    65095.257315744195,
    65468.626564180355,
    64888.927469478935,
    64754.92452119641,
    64683.704578473276,
    64556.49952209388,
    64301.39877649407,
    64417.748318432954,
    64365.9175955822,
    64235.021031055294,
    63911.612718239056,
    63957.19561383976,
    64045.666767229544,
    64079.82103359411,
    64144.39979492271,
    63980.98741876507,
    63621.26042010823,
    63313.7269410536,
    62866.90848700344,
    62850.76814022467,
    62311.40037519842,
    62307.34214427159,
    62264.18908247069,
    62451.49737098857,
    62199.8784487437,
    62383.94741826511,
    62457.865612986134,
    62378.52994283749,
    62492.81701127148,
    62300.737372444346,
    62171.87002961892,
    62310.62864515332,
    62385.33941347201,
    62530.759849035516,
    62515.95646051559,
    62651.93474257838,
    62912.97023760417,
    62883.37584853357,
    62583.0454660447,
    62676.59157469255,
    62703.951669706556,
    62802.23166347988,
    62699.01945275507,
    62568.95078726398,
    62716.04032481007,
    62621.29389792389,
    62379.401309585366,
    62815.96886427302,
    62538.57860514398,
    61236.55534272521,
    60985.864493824105,
    60204.220327509334,
    59783.05042276664,
    59297.73643929386,
    59507.187984197044,
    59822.24825588187,
    60882.548735749966,
    61005.378953134474,
    60783.200878396405,
    60990.53863518005,
    60664.90692436006,
    60812.426404174934,
    60629.714711165805,
    60788.38575979891,
    61257.61278932525,
    61534.43462777755,
    61646.00687766538,
    61816.442509036395,
    61606.905269718525,
    61652.90431812403,
    61211.78155908992,
    61185.54992485836,
    61114.65746062846,
    58188.668886715604,
    59419.45155775679,
    59513.72747967234,
    59234.5777533372,
    59534.099860815295,
    59430.91825964714,
    59237.365253537,
    59312.805434743896,
    60111.69113616151,
    59787.08233594131,
    59712.618061582114,
    59589.363566722495,
    59299.072111513124,
    58482.96476980456,
    59836.297717503796,
    59813.84530916572,
    59869.425120800624,
    60237.0568540939,
    60481.35722924747,
    60152.35271713132,
    59633.32449414534,
    59215.19340895525,
    59316.01978220941,
    59181.15371571542,
    60047.79171625427,
    59544.55798790487,
    60234.41217478131,
    59989.84009196498,
    59956.8650670713,
    59548.21995225559,
    59783.392831819365,
    59649.930123311075,
    59858.072565853494,
    59981.17710194979,
    60019.95786697783,
    59964.45026386145,
    59876.12754548514,
    60223.82465168318,
    60209.80787261281,
    60147.077420030015,
    60171.478533144495,
    60274.13576881021,
    60455.26973124937,
    60375.79046546325,
    60335.19971344227,
    60318.79468914347,
    60272.896834644176,
    60318.795624051476,
    60473.74809860174,
    60514.09495299602,
    60726.0944020887,
    60700.46947559311,
    60481.77726989441,
    60456.37514817717,
    60076.97687579784,
    60183.761872484516,
    60109.83787971532,
    60142.21183335991,
    59943.11077412465,
    60094.323390000915,
    60127.42543751148,
    60182.11260357693
  ],