{
  "AAPL": [
    308.3299865722656,
    310.8500061035156,
    312.510009765625,
    312.05999755859375,
    306.30999755859375,
    315.20001220703125,
    310.260009765625,
    311.2300109863281,
    307.3399963378906,
    301.5400085449219
  ],
  "GOOGL": [
    388.8800048828125,
    388.8299865722656,
    390.1300048828125,
    380.3399963378906,
    376.3699951171875,
    361.8500061035156,
    358.989990234375,
    372.19000244140625,
    368.5299987792969,
    363.30999755859375
  ],
  "BTC": [
    73452.81151927126,
    73415.52758611648,
    73507.7904924995,
    73519.54163045478,
    73496.47625755738,
    73588.23593614336,
    73722.3676313432,
    73828.59561634924,
    73821.07392012235,
    73824.47674568712,
    73905.67706275536,
    73937.87641153632,
    73913.8274514589,
    73851.4608190981,
    73860.46182726156,
    73769.5162114231,
    73751.06787328025,
    73920.31473177562,
    73947.08282622244,
    73964.96159780983,
    74044.26528775951,
    74090.7911820739,
    73959.32784866802,
    73950.51602071009,
    73771.70365286582,
    73836.47422326881,
    73735.32639822178,
    73777.55592280244,
    73856.28538196295,
    73807.57929483295,
    73762.76278542812,
    73524.85711770532,
    73547.48551983605,
    73425.39840959723,
    73587.49530597204,
    73522.96535084966,
    73457.31960126235,
    73638.60211812168,
    73773.5878451807,
    73876.60588468595,
    73570.21708273572,
    73797.23146758995,
    73223.84734520393,
    73683.50449016532,
    73648.95999568363,
    73457.98254562725,
    73258.64989797205,
    73022.22591311394,
    72720.45685389063,
    72803.2998427692,
    72791.34886625511,
    72661.72960466995,
    72393.50490980071,
    72121.5042474048,
    71565.27763686831,
    71370.97144566885,
    70980.94428936618,
    71444.9494361865,
    71590.27965912364,
    71426.04625445513,
    71477.23635876295,
    71357.87221552467,
    70961.43860445131,
    71348.66693075797,
    71320.09989733889,
    71192.44061761745,
    70674.10440972645,
    70674.80956731385,
    70843.70785372073,
    70691.15966467188,
    70214.16564960449,
    70000.21398988042,
    70030.71612208706,
    69693.37351195673,
    69306.63700406029,
    69578.00514153196,
    69420.75178246271,
    68980.48546837036,
    68675.1626071005,
    67930.07409871208,
    67191.73015711248,
    67362.14205456393,
    67404.07411111722,
    67237.49694150225,
    67136.44638471157,
    67516.11124047743,
    67506.15240585305,
    66315.56201635316,
    66694.75326849708,
    66904.28033960726,
    66837.48168582759,
    66537.19525872204,
    65748.90161657339,
    66372.87729551546,
    67269.89806999358,
    66909.54150769791,
    67140.16922883953,
    66933.36097066435,
    67022.31101694723,
    67188.43003131494,
    66977.29313650142,
    66995.05270697792,
    66787.44899622556,
    66773.00251408429,
    66021.94863941765,
    65968.79694833071,
    65889.62293347699,
    65964.97305565678,
    65357.46528836223,
    64879.65513355368,
    65671.24348348453,
    64813.38289563199,
    64021.88915867498,
    63155.43270867277,
    62114.887626138094,
    63156.12673184157,
    64273.24836698033,
    64303.610991445654,
    63877.100437640045,
    63969.861077072135,
    63609.23962456499,
    63562.82491603272,
    63116.395422335314,
    62388.618859522845,
    62450.80905208616,
    63671.58499621012,
    64009.791802204076,
    63870.93213050547,
    63902.43300939559,
    63515.997510119945,
    63455.380634760535,
    63778.125947749315,
    63570.97734057268,
    63540.57039825781,
    63243.8582040147,
    63661.25254140083,
    63796.2543917893,
    63380.11051713282,
    63307.94041654308,
    62563.106314788616,
    62650.54773800535,
    63384.29445196668,
    62373.71848187581,
    61877.241195372124,
    62930.428692593974,
    62394.09363525867,
    62783.274232285476,
    62492.06747682221,
    61971.075991069585,
    61909.86088936547,
    60758.42527146145,
    60787.48456481218,
    60465.2518621624,
    61400.834034237996,
    60761.4584135615,
    59353.42034890553,
    60317.1980969419,
    61633.1025067623,
    61643.666878418364,
    61658.390515035404,
    60921.79441516493,
    61271.40244548539,
    61080.8546109545,
    60951.51530057916,
    60670.4415940172,
    60073.171592618724,
    60915.06975241639,
    60742.468959847494,
    60977.17981505444,
    61282.9313998945,
    60966.96489309166,
    60522.4177580613,
    60766.97161805294,
    61010.48847465796,
    60783.60690260497,
    60801.25071653321,
    60787.40516761303,
    60717.331369021034,
    60544.17676509025,
    60632.13314693318,
    60600.08126481232,
    60702.280740364564,
    60747.38643397402,
    60583.529858700254,
    60861.88012897632,
    60761.620629732344,
    61471.63828191639,
    61492.783358280816,
    61664.738019211065,
    61867.507645404425,
    61731.036831240555,
    62108.17618467483,
    62354.65926384663,
    62799.61706024372,
    62515.786540524714,
    62356.89936048305,
    62592.24803571717,
    61899.44056352343,
    61708.48517537129,
    61869.12182419518,
    62040.156956288505,
    62019.38150876778,
    62139.10458449485,
    62065.13471974559,
    61277.73988404787,
    61896.18584598038,
    61736.49926860991,
    62898.83562473381,
    63254.57215050675,
    63591.55171282999,
    63135.73442175301,
    63092.973825538276,
    63097.738678422604,
    62746.110994682225,
    62686.89031970495,
    62955.75468147986,
    63263.6371523138,
    63105.120267771585,
    63430.00505978389,
    63090.98170944541,
    63416.52653265283,
    63784.417012630474,
    63717.79786623143,
    63975.150617444626,
    63731.845419079924,
    63455.42095436701,
    63486.55749595917,
    63426.94217807585,
    63364.111069051134,
    63429.52697889757,
    63758.168414545864,
    63404.5448567149,
    63078.44049480062,
    62521.10105576993,
    62764.01753232251,
    62824.67788347735,
    62839.35254293068,
    63231.29657420249,
    63309.01004093081,
    63246.48358224153,
    63159.4691340396
  ],