{
  "AAPL": [
    252.88999938964844,
    248.8000030517578,
    246.6300048828125,
    253.7899932861328,
    255.6300048828125,
    255.9199981689453,
    258.8599853515625,
    253.5,
    258.8999938964844,
    259.67498779296875
  ],
  "GOOGL": [
    280.9200134277344,
    274.3399963378906,
    273.5,
    287.55999755859375,
    297.3900146484375,
    295.7699890136719,
    299.989990234375,
    305.4599914550781,
    317.32000732421875,
    318.6400146484375
  ],
  "BTC": [
    66753.13370588605,
    66555.3785781471,
    66432.346364874,
    66587.99024414114,
    66757.19246041842,
    66734.19561943135,
    66699.27436893585,
    67091.7699360093,
    67930.29873609915,
    67945.39135718174,
    67646.52741376395,
    67488.81448012279,
    67618.1466100619,
    67449.74316002423,
    67299.23356164555,
    66756.23307911558,
    66037.9769355128,
    66302.74182544308,
    66620.01251485397,
    66608.17879412256,
    67163.45267766963,
    66558.38670829509,
    66698.35856220762,
    67542.07857770176,
    67395.06167693074,
    67721.57727071697,
    67762.72263907967,
    68136.90158842586,
    68196.60422235407,
    68146.94856232416,
    68231.32977209098,
    68223.70211409187,
    67741.61626889415,
    67581.86166020094,
    68067.62035882538,
    68224.37632532336,
    68401.93752431103,
    69101.02455101817,
    68646.2153927601,
    68680.0015059391,
    68626.63130937202,
    68508.40129805205,
    68680.84374401876,
    68343.56225372679,
    68151.20863221223,
    68576.84472219975,
    68912.84268211982,
    68799.77917560302,
    68240.24706711619,
    68023.58605482857,
    68154.86398435834,
    68175.95391085128,
    68391.24257663927,
    68114.03006381732,
    68089.0553821667,
    68603.81518600573,
    67340.65566741725,
    66883.83605935876,
    66575.77213344672,
    66321.04797309662,
    66602.8413160976,
    66656.94078042037,
    66909.34933451931,
    66449.57544171493,
    66435.38009063744,
    66446.2507697172,
    66211.97878883997,
    66045.87831151168,
    66188.87154071992,
    66909.19266878879,
    66795.72084034089,
    67115.41516763417,
    66685.7541320896,
    66968.16740110016,
    67007.8370561365,
    66936.7766889142,
    66913.35635201377,
    67019.98617750364,
    66891.6645686824,
    66766.83378026339,
    66598.5292617686,
    66486.53838422897,
    66592.5837886582,
    66622.1301266791,
    66565.35592404183,
    66774.72967202778,
    67029.59211299967,
    66960.01542488545,
    66849.26901001042,
    66880.5203155653,
    66995.15627559036,
    66748.11979266288,
    66660.11042612021,
    66955.22348841895,
    66852.90061614981,
    66999.82831564221,
    66854.37823021295,
    66806.59346136711,
    66857.44858264831,
    66834.11292973414,
    66933.25990570891,
    66894.47014206758,
    66939.69121715311,
    66879.65637400307,
    66872.1583176364,
    66842.73653470511,
    66849.63302499072,
    66898.68182804435,
    66949.93585862593,
    66959.8290597061,
    66956.39329306711,
    66969.68382838744,
    67055.68033246692,
    67148.53813215913,
    67118.41754617015,
    67091.65190730197,
    67202.57710061049,
    67161.09858028076,
    67358.32039965459,
    67433.23263448066,
    67337.99609944993,
    67286.25215676849,
    67280.01729605702,
    67253.3977870876,
    67354.82243829477,
    67387.66168189244,
    67305.53270568071,
    67194.73102381348,
    67097.64999707985,
    67159.48840990113,
    67116.68074067455,
    67088.16878284267,
    66898.91046104902,
    66834.55616852113,
    66795.06711340805,
    66909.58641953235,
    67013.36757024149,
    67035.71402873952,
    66983.49768825137,
    66767.0131421243,
    66876.89335408386,
    66905.41123953745,
    67283.50017521076,
    67187.35275626543,
    67332.04972364994,
    67359.54022197741,
    67312.40029436244,
    67618.85865651761,
    67524.98600017147,
    68319.43753253935,
    68985.52642694542,
    69083.92977430127,
    68800.40695728877,
    69227.82786574122,
    69064.09289025438,
    69116.69442689166,
    69171.24699553306,
    68966.1397153888,
    69085.18372122863,
    69233.4136963385,
    69734.14395438247,
    69729.51473053802,
    69600.5179200479,
    69352.92735076058,
    69373.69205341725,
    69667.13541738002,
    69929.83872890126,
    69841.20001007705,
    69564.81342982552,
    69878.68104808578,
    69717.8937360636,
    69831.8001596643,
    69517.64005572062,
    68899.60245420209,
    68864.23452757328,
    68832.75094748284,
    68427.09873546906,
    68663.74447668072,
    68751.88746717676,
    68851.31995374622,
    68619.33116054142,
    68567.66396182259,
    68623.99620612123,
    68946.09680366235,
    69141.14072015522,
    68229.74780513061,
    68354.49021829801,
    68410.07652754907,
    68261.13224800787,
    67946.5734483157,
    68143.49762077775,
    68212.47656909314,
    68696.07855831205,
    68422.4839048095,
    68980.0719686061,
    69283.45294227805,
    69902.9648185693,
    71406.79268018887,
    71975.62171045873,
    71675.99566085906,
    71455.72565809466,
    71319.15990521638,
    71288.57608171008,
    71588.90550886675,
    71715.30467887901,
    71716.33126607565,
    71607.85137669035,
    71769.45685444491,
    71684.51069741158,
    71500.27882941788,
    71677.1185370044,
    72088.64825915922,
    71595.26553578468,
    70839.24039381472,
    71300.97902964945,
    71616.877152209,
    71892.24518699429,
    71229.56326243738,
    71305.21033797062,
    71362.71539046324,
    71530.37434625559,
    71084.7379943279,
    71117.07713411814,
    70845.22545982263,
    70922.75282918435,
    71068.58019162083,
    70981.6288101902,
    70799.60700836459,
    70965.48437451581,
    71016.5630113181,
    70978.52324259015,
    71246.89042396861,
    71507.87481912013,
    71300.96039707496,
    71155.21114397157,
    71276.76446761427,
    70785.05000466589,
    71127.957103332,
    72118.44858894373,
    72037.6426727806,
    72238.76522255335
  ],